entity,code,year,common_cutoff_date,excess_date,excess_deaths,excess_deaths_lower,excess_deaths_upper,confirmed_date,confirmed_covid_deaths,days_between_measurements,aligned_within_14_days,absolute_difference,excess_reported_ratio,reported_percent_of_excess,position_vs_excess_interval
Afghanistan,AFG,2020,2020-12-27,2020-12-21,26383.443,8107.155,36174.305,2020-12-27,2158,6,TRUE,24225.443,12.22587720111214,8.179372191870485,Reported below excess 95% interval
Afghanistan,AFG,2021,2021-12-26,2021-12-20,66718.01,30275.25,87855.08,2021-12-26,7352,6,TRUE,59366.009999999995,9.074810935799782,11.019513321815205,Reported below excess 95% interval
Afghanistan,AFG,2022,2022-12-25,2022-12-19,103789.97,43825.793,152687.97,2022-12-25,7845,6,TRUE,95944.97,13.230079031230083,7.558533835205849,Reported below excess 95% interval
Afghanistan,AFG,2023,2023-11-18,2023-11-18,125567.945,60398.734,197101.42,2023-11-12,7960,6,TRUE,117607.945,15.774867462311558,6.339197475916325,Reported below excess 95% interval
Albania,ALB,2020,2020-12-27,2020-12-21,6054.0522,6054.0522,6054.0522,2020-12-27,1134,6,TRUE,4920.0522,5.33867037037037,18.731255736447068,Reported below excess 95% interval
Albania,ALB,2021,2021-12-26,2021-12-20,15263.471,15263.471,15263.471,2021-12-26,3187,6,TRUE,12076.471,4.789291182930656,20.879916501299082,Reported below excess 95% interval
Albania,ALB,2022,2022-12-25,2022-12-19,17240.363,17240.363,17240.363,2022-12-25,3596,6,TRUE,13644.363000000001,4.794316740823137,20.858029497406754,Reported below excess 95% interval
Albania,ALB,2023,2023-11-18,2023-11-18,16000.287,15365.758,17339.898,2023-11-12,3604,6,TRUE,12396.287,4.43959128745838,22.524595965059877,Reported below excess 95% interval
Algeria,DZA,2020,2020-12-27,2020-12-21,51597.742,51597.742,51597.742,2020-12-27,2722,6,TRUE,48875.742,18.955819985304924,5.27542464939648,Reported below excess 95% interval
Algeria,DZA,2021,2021-12-26,2021-12-20,95587.375,55609.94,118622.266,2021-12-26,6229,6,TRUE,89358.375,15.345541017819874,6.516550956650917,Reported below excess 95% interval
Algeria,DZA,2022,2022-12-25,2022-12-19,116093.9,51127.73,175906.16,2022-12-25,6881,6,TRUE,109212.9,16.871661095770964,5.927098667544118,Reported below excess 95% interval
Algeria,DZA,2023,2023-11-18,2023-11-18,122408.17,44861.812,210394.47,2023-11-12,6881,6,TRUE,115527.17,17.789299520418542,5.621356809761963,Reported below excess 95% interval
American Samoa,ASM,2022,2022-12-25,2022-12-19,58.340687,0.16312215,145.5422,2022-12-25,34,6,TRUE,24.340687000000003,1.7159025588235295,58.27836754819154,Reported within excess 95% interval
American Samoa,ASM,2023,2023-11-18,2023-11-18,63.76971,-26.484993,188.8421,2023-11-12,34,6,TRUE,29.769710000000003,1.8755797058823531,53.316849018131016,Reported within excess 95% interval
Andorra,AND,2020,2020-12-27,2020-12-21,71.79357,71.79357,71.79357,2020-12-27,83,6,TRUE,-11.206429999999997,0.8649827710843374,115.60923910038183,Reported above excess 95% interval
Andorra,AND,2021,2021-12-26,2021-12-20,110.2305,110.2305,110.2305,2021-12-26,139,6,TRUE,-28.769499999999994,0.7930251798561152,126.0994008010487,Reported above excess 95% interval
Andorra,AND,2022,2022-12-25,2022-12-19,166.28958,120.56376,339.80453,2022-12-25,158,6,TRUE,8.28958,1.0524656962025316,95.01497327733945,Reported within excess 95% interval
Andorra,AND,2023,2023-11-18,2023-11-18,184.60515,83.642105,471.35938,2023-11-12,159,6,TRUE,25.60515000000001,1.1610386792452831,86.12977481939154,Reported within excess 95% interval
Angola,AGO,2020,2020-12-27,2020-12-21,2372.3347,-15392.513,23676.875,2020-12-27,400,6,TRUE,1972.3346999999999,5.93083675,16.861027240380544,Reported within excess 95% interval
Angola,AGO,2021,2021-12-26,2021-12-20,31664.768,-2968.975,69047.07,2021-12-26,1746,6,TRUE,29918.768,18.135605956471935,5.514014819246426,Reported within excess 95% interval
Angola,AGO,2022,2022-12-25,2022-12-19,56832.312,2197.2805,111554.4,2022-12-25,1929,6,TRUE,54903.312,29.462059097978226,3.394195893350248,Reported below excess 95% interval
Angola,AGO,2023,2023-11-18,2023-11-18,69635.13,5088.1587,138846.36,2023-11-12,1936,6,TRUE,67699.13,35.96855888429752,2.7802059104362984,Reported below excess 95% interval
Anguilla,AIA,2021,2021-12-26,2021-12-20,24.032377,-0.5080256,46.650906,2021-12-26,5,6,TRUE,19.032377,4.8064754,20.805266162394172,Reported within excess 95% interval
Anguilla,AIA,2022,2022-12-25,2022-12-19,52.819824,2.6185389,90.86385,2022-12-25,12,6,TRUE,40.819824,4.4016519999999995,22.718742871994426,Reported within excess 95% interval
Anguilla,AIA,2023,2023-11-18,2023-11-18,51.29946,-3.4723594,113.83273,2023-11-12,12,6,TRUE,39.29946,4.274955,23.3920590976981,Reported within excess 95% interval
Antigua and Barbuda,ATG,2020,2020-12-27,2020-12-21,-55.272766,-55.272766,-55.272766,2020-12-27,5,6,TRUE,-60.272766,NA,NA,Reported above excess 95% interval
Antigua and Barbuda,ATG,2021,2021-12-26,2021-12-20,-51.47685,-51.47685,-51.47685,2021-12-26,118,6,TRUE,-169.47685,NA,NA,Reported above excess 95% interval
Antigua and Barbuda,ATG,2022,2022-12-25,2022-12-19,-41.6018,-115.10289,41.653477,2022-12-25,146,6,TRUE,-187.6018,NA,NA,Reported above excess 95% interval
Antigua and Barbuda,ATG,2023,2023-11-18,2023-11-18,-51.258507,-188.84291,72.53336,2023-11-12,146,6,TRUE,-197.258507,NA,NA,Reported above excess 95% interval
Argentina,ARG,2020,2020-12-27,2020-12-21,34273.266,34273.266,34273.266,2020-12-27,47507,6,TRUE,-13233.733999999997,0.7214361252026018,138.61241003410646,Reported above excess 95% interval
Argentina,ARG,2021,2021-12-26,2021-12-20,130685.82,130685.82,130685.82,2021-12-26,117830,6,TRUE,12855.820000000007,1.109104812017313,90.16280419711947,Reported below excess 95% interval
Argentina,ARG,2022,2022-12-25,2022-12-19,169401.25,154206.19,186909.05,2022-12-25,130124,6,TRUE,39277.25,1.3018447788263503,76.81407309568259,Reported below excess 95% interval
Argentina,ARG,2023,2023-11-18,2023-11-18,180223.69,148617.66,210154.44,2023-11-12,130671,6,TRUE,49552.69,1.3792171943277391,72.50489655383262,Reported below excess 95% interval
Armenia,ARM,2020,2020-12-27,2020-12-21,4517.7344,4178.772,6918.968,2020-12-27,2768,6,TRUE,1749.7344000000003,1.6321294797687862,61.26964878679012,Reported below excess 95% interval
Armenia,ARM,2021,2021-12-26,2021-12-20,11605.428,10383.666,16127.831,2021-12-26,7943,6,TRUE,3662.428,1.4610887573964497,68.44211174288445,Reported below excess 95% interval
Armenia,ARM,2022,2022-12-25,2022-12-19,12734.855,11406.172,18344.24,2022-12-25,8708,6,TRUE,4026.8549999999996,1.4624316720257233,68.37926305403556,Reported below excess 95% interval
Armenia,ARM,2023,2023-11-18,2023-11-18,12291.205,11041.691,18424.51,2023-11-12,8769,6,TRUE,3522.205,1.4016655262857793,71.3436965700271,Reported below excess 95% interval
Aruba,ABW,2020,2020-12-27,2020-12-21,49.35836,49.35836,49.35836,2020-12-27,47,6,TRUE,2.3583599999999976,1.0501778723404256,95.22196442507409,Reported below excess 95% interval
Aruba,ABW,2021,2021-12-26,2021-12-20,333.68555,333.68555,333.68555,2021-12-26,181,6,TRUE,152.68554999999998,1.8435665745856353,54.242684467457465,Reported below excess 95% interval
Aruba,ABW,2022,2022-12-25,2022-12-19,472.1686,360.523,507.59903,2022-12-25,280,6,TRUE,192.16860000000003,1.6863164285714287,59.300851433153326,Reported below excess 95% interval
Aruba,ABW,2023,2023-11-18,2023-11-18,537.5388,322.05115,577.6012,2023-11-12,292,6,TRUE,245.53880000000004,1.840886301369863,54.32166012946414,Reported below excess 95% interval
Australia,AUS,2020,2020-12-27,2020-12-21,-3473.394,-3473.394,-3473.394,2020-12-27,920,6,TRUE,-4393.394,NA,NA,Reported above excess 95% interval
Australia,AUS,2021,2021-12-26,2021-12-20,1173.482,1173.482,1173.482,2021-12-26,2377,6,TRUE,-1203.518,0.493681952040387,202.55956205548958,Reported above excess 95% interval
Australia,AUS,2022,2022-12-25,2022-12-19,22929.445,22929.445,22929.445,2022-12-25,17816,6,TRUE,5113.445,1.2870142007184553,77.69922036926755,Reported below excess 95% interval
Australia,AUS,2023,2023-11-18,2023-11-18,33198.13,30189.143,37255.08,2023-11-12,23500,6,TRUE,9698.129999999997,1.4126863829787233,70.7871196359554,Reported below excess 95% interval
Austria,AUT,2020,2020-12-27,2020-12-21,8087.821,8087.821,8087.821,2020-12-27,7049,6,TRUE,1038.821,1.1473714001986097,87.15573700258697,Reported below excess 95% interval
Austria,AUT,2021,2021-12-26,2021-12-20,16207.1045,16207.1045,16207.1045,2021-12-26,16587,6,TRUE,-379.89550000000054,0.9770967926689575,102.34400598823807,Reported above excess 95% interval
Austria,AUT,2022,2022-12-25,2022-12-19,25595.223,25595.223,25595.223,2022-12-25,21571,6,TRUE,4024.223000000002,1.1865570905382228,84.27744505293037,Reported below excess 95% interval
Austria,AUT,2023,2023-11-18,2023-11-18,29060.676,28606.098,29755.826,2023-11-12,22534,6,TRUE,6526.6759999999995,1.289636815478832,77.54121067245649,Reported below excess 95% interval
Azerbaijan,AZE,2020,2020-12-27,2020-12-21,10910.012,6338.322,15016.927,2020-12-27,2416,6,TRUE,8494.012,4.515733443708609,22.144796907647763,Reported below excess 95% interval
Azerbaijan,AZE,2021,2021-12-26,2021-12-20,32460.564,20852.965,46028.145,2021-12-26,8284,6,TRUE,24176.564,3.918464992757122,25.520197369337144,Reported below excess 95% interval
Azerbaijan,AZE,2022,2022-12-25,2022-12-19,37966.1,25443.25,56608.125,2022-12-25,10006,6,TRUE,27960.1,3.7943333999600237,26.355090462280824,Reported below excess 95% interval
Azerbaijan,AZE,2023,2023-11-18,2023-11-18,37092.543,23921.473,59184.918,2023-11-12,10353,6,TRUE,26739.542999999998,3.5827820921472036,27.911270467489924,Reported below excess 95% interval
Bahamas,BHS,2020,2020-12-27,2020-12-21,277.77264,277.77264,277.77264,2020-12-27,169,6,TRUE,108.77264000000002,1.6436250887573967,60.841125317453866,Reported below excess 95% interval
Bahamas,BHS,2021,2021-12-26,2021-12-20,1093.3218,1093.3218,1093.3218,2021-12-26,713,6,TRUE,380.32179999999994,1.5334106591865357,65.214102563399,Reported below excess 95% interval
Bahamas,BHS,2022,2022-12-25,2022-12-19,1329.0914,1189.3904,1582.2992,2022-12-25,833,6,TRUE,496.0914,1.5955478991596639,62.67439545542165,Reported below excess 95% interval
Bahamas,BHS,2023,2023-11-18,2023-11-18,1405.7417,1052.0042,1886.9547,2023-11-12,844,6,TRUE,561.7417,1.6655707345971564,60.039479514622066,Reported below excess 95% interval
Bahrain,BHR,2020,2020-12-27,2020-12-21,734.7085,457.6817,1694.9636,2020-12-27,351,6,TRUE,383.70849999999996,2.0931866096866094,47.77404916371595,Reported below excess 95% interval
Bahrain,BHR,2021,2021-12-26,2021-12-20,2539.5522,1797.1749,4618.2524,2021-12-26,1394,6,TRUE,1145.5522,1.8217734576757534,54.89156710383823,Reported below excess 95% interval
Bahrain,BHR,2022,2022-12-25,2022-12-19,3560.3584,2267.1023,6159.839,2022-12-25,1536,6,TRUE,2024.3584,2.3179416666666666,43.14172415900602,Reported below excess 95% interval
Bahrain,BHR,2023,2023-11-18,2023-11-18,3945.6045,2361.0984,7134.0625,2023-11-12,1536,6,TRUE,2409.6045,2.5687529296875,38.92939598989204,Reported below excess 95% interval
Bangladesh,BGD,2020,2020-12-27,2020-12-21,179116.88,46213.41,206505.97,2020-12-27,7452,6,TRUE,171664.88,24.036081588835213,4.160411905343595,Reported below excess 95% interval
Bangladesh,BGD,2021,2021-12-26,2021-12-20,431467.44,200519.06,580689.5,2021-12-26,28060,6,TRUE,403407.44,15.376601568068425,6.503387602086498,Reported below excess 95% interval
Bangladesh,BGD,2022,2022-12-25,2022-12-19,541743.2,264579.53,922432.3,2022-12-25,29439,6,TRUE,512304.19999999995,18.402228336560345,5.434124507700328,Reported below excess 95% interval
Bangladesh,BGD,2023,2023-11-18,2023-11-18,590035.2,301651.4,1301489,2023-11-12,29477,6,TRUE,560558.2,20.01679953862333,4.995803640189602,Reported below excess 95% interval
Barbados,BRB,2020,2020-12-27,2020-12-21,-60.26886,-60.26886,-60.26886,2020-12-27,7,6,TRUE,-67.26885999999999,NA,NA,Reported above excess 95% interval
Barbados,BRB,2021,2021-12-26,2021-12-20,4.9300346,4.9300346,4.9300346,2021-12-26,260,6,TRUE,-255.0699654,0.01896167153846154,5273.7966585467775,Reported above excess 95% interval
Barbados,BRB,2022,2022-12-25,2022-12-19,471.658,471.658,471.658,2022-12-25,568,6,TRUE,-96.34199999999998,0.8303838028169014,120.42624104753868,Reported above excess 95% interval
Barbados,BRB,2023,2023-11-18,2023-11-18,841.29504,573.6701,861.665,2023-11-12,593,6,TRUE,248.29503999999997,1.4187100168634064,70.48656794648403,Reported within excess 95% interval
Belarus,BLR,2020,2020-12-27,2020-12-21,23853.596,23853.596,23853.596,2020-12-27,1376,6,TRUE,22477.596,17.335462209302328,5.768522280665774,Reported below excess 95% interval
Belarus,BLR,2021,2021-12-26,2021-12-20,63074.35,44414.27,63962.707,2021-12-26,5484,6,TRUE,57590.35,11.501522611232676,8.694501013486464,Reported below excess 95% interval
Belarus,BLR,2022,2022-12-25,2022-12-19,79106.375,50861.81,80173.87,2022-12-25,7118,6,TRUE,71988.375,11.113567715650463,8.998010590170514,Reported below excess 95% interval
Belarus,BLR,2023,2023-11-18,2023-11-18,79458.89,48657.78,84550.28,2023-11-12,7118,6,TRUE,72340.89,11.163092160719303,8.958091410539463,Reported below excess 95% interval
Belgium,BEL,2020,2020-12-27,2020-12-21,18478.229,18478.229,18478.229,2020-12-27,19374,6,TRUE,-895.7710000000006,0.953764271704346,104.84771024322731,Reported above excess 95% interval
Belgium,BEL,2021,2021-12-26,2021-12-20,22921.646,22921.646,22921.646,2021-12-26,28192,6,TRUE,-5270.353999999999,0.8130549801362089,122.99291246361626,Reported above excess 95% interval
Belgium,BEL,2022,2022-12-25,2022-12-19,31483.162,31483.162,31483.162,2022-12-25,33240,6,TRUE,-1756.8379999999997,0.9471468712394705,105.58024635517869,Reported above excess 95% interval
Belgium,BEL,2023,2023-11-18,2023-11-18,33756.812,33338.746,35027.74,2023-11-12,34339,6,TRUE,-582.1880000000019,0.9830458662162556,101.72465338255283,Reported within excess 95% interval
Belize,BLZ,2020,2020-12-27,2020-12-21,103.89785,103.89785,103.89785,2020-12-27,228,6,TRUE,-124.10215,0.4556923245614035,219.4463119304201,Reported above excess 95% interval
Belize,BLZ,2021,2021-12-26,2021-12-20,551.70874,551.70874,551.70874,2021-12-26,592,6,TRUE,-40.291259999999966,0.9319404391891892,107.30299469245311,Reported above excess 95% interval
Belize,BLZ,2022,2022-12-25,2022-12-19,784.32947,597.72516,1156.5273,2022-12-25,688,6,TRUE,96.32947000000001,1.1400137645348838,87.7182391221383,Reported within excess 95% interval
Belize,BLZ,2023,2023-11-18,2023-11-18,864.90295,500.41638,1306.3835,2023-11-12,688,6,TRUE,176.90295000000003,1.2571263808139534,79.54649709542556,Reported within excess 95% interval
Benin,BEN,2020,2020-12-27,2020-12-21,2541.5107,-5552.5615,10146.087,2020-12-27,44,6,TRUE,2497.5107,57.76160681818181,1.731253777526886,Reported within excess 95% interval
Benin,BEN,2021,2021-12-26,2021-12-20,13286.498,-4933.4463,29083.092,2021-12-26,161,6,TRUE,13125.498,82.52483229813664,1.21175647638678,Reported within excess 95% interval
Benin,BEN,2022,2022-12-25,2022-12-19,20662.389,-3933.6768,46270.82,2022-12-25,163,6,TRUE,20499.389,126.7631226993865,0.788872961398607,Reported within excess 95% interval
Benin,BEN,2023,2023-11-18,2023-11-18,23132.209,-2493.509,60255.867,2023-11-12,163,6,TRUE,22969.209,141.9153926380368,0.7046451983898295,Reported within excess 95% interval
Bermuda,BMU,2020,2020-12-27,2020-12-21,31.970896,31.970896,31.970896,2020-12-27,9,6,TRUE,22.970896,3.552321777777778,28.15060297340431,Reported below excess 95% interval
Bermuda,BMU,2021,2021-12-26,2021-12-20,200.87137,200.87137,200.87137,2021-12-26,106,6,TRUE,94.87137000000001,1.895012924528302,52.77008863931181,Reported below excess 95% interval
Bermuda,BMU,2022,2022-12-25,2022-12-19,307.18314,223.72527,363.67242,2022-12-25,152,6,TRUE,155.18313999999998,2.0209417105263157,49.481882371539015,Reported below excess 95% interval
Bermuda,BMU,2023,2023-11-18,2023-11-18,349.46622,210.794,445.89774,2023-11-12,165,6,TRUE,184.46622000000002,2.117977090909091,47.21486385722774,Reported below excess 95% interval
Bhutan,BTN,2021,2021-12-26,2021-12-20,-645.9368,-645.9368,-645.9368,2021-12-26,3,6,TRUE,-648.9368,NA,NA,Reported above excess 95% interval
Bhutan,BTN,2022,2022-12-25,2022-12-19,-477.1218,-629.89404,1286.5923,2022-12-25,21,6,TRUE,-498.1218,NA,NA,Reported within excess 95% interval
Bhutan,BTN,2023,2023-11-18,2023-11-18,-568.9308,-846.61017,2188.8254,2023-11-12,21,6,TRUE,-589.9308,NA,NA,Reported within excess 95% interval
Bolivia,BOL,2020,2020-12-27,2020-12-21,21555.12,21555.12,21555.12,2020-12-27,9083,6,TRUE,12472.119999999999,2.3731278212044478,42.13848032393232,Reported below excess 95% interval
Bolivia,BOL,2021,2021-12-26,2021-12-20,51161.105,51161.105,51161.105,2021-12-26,19530,6,TRUE,31631.105000000003,2.6196162314388123,38.1735304583433,Reported below excess 95% interval
Bolivia,BOL,2022,2022-12-25,2022-12-19,61371.25,59718.492,68080.78,2022-12-25,22280,6,TRUE,39091.25,2.754544434470377,36.30364380715726,Reported below excess 95% interval
Bolivia,BOL,2023,2023-11-18,2023-11-18,60906.46,58841.96,76373.45,2023-11-12,22385,6,TRUE,38521.46,2.7208603975876704,36.75308005095026,Reported below excess 95% interval
Bonaire Sint Eustatius and Saba,BES,2020,2020-12-27,2020-12-21,12.13993,-12.817183,32.248768,2020-12-27,3,6,TRUE,9.13993,4.046643333333333,24.711839359864513,Reported within excess 95% interval
Bonaire Sint Eustatius and Saba,BES,2021,2021-12-26,2021-12-20,97.09297,16.315437,120.264656,2021-12-26,22,6,TRUE,75.09297,4.413316818181818,22.658695063092622,Reported within excess 95% interval
Bonaire Sint Eustatius and Saba,BES,2022,2022-12-25,2022-12-19,155.46057,20.893345,196.79868,2022-12-25,39,6,TRUE,116.46056999999999,3.9861684615384614,25.086747076766798,Reported within excess 95% interval
Bonaire Sint Eustatius and Saba,BES,2023,2023-11-18,2023-11-18,162.66039,11.632974,216.27693,2023-11-12,41,6,TRUE,121.66039,3.967326585365854,25.20589062893554,Reported within excess 95% interval
Bosnia and Herzegovina,BIH,2020,2020-12-27,2020-12-21,6860.156,6860.156,6860.156,2020-12-27,3923,6,TRUE,2937.156,1.7487015039510578,57.185288497812586,Reported below excess 95% interval
Bosnia and Herzegovina,BIH,2021,2021-12-26,2021-12-20,20502.342,20502.342,20502.342,2021-12-26,13283,6,TRUE,7219.342000000001,1.5435023714522322,64.78772034921668,Reported below excess 95% interval
Bosnia and Herzegovina,BIH,2022,2022-12-25,2022-12-19,25722.633,25722.633,25722.633,2022-12-25,16222,6,TRUE,9500.633000000002,1.58566348169153,63.065083578341294,Reported below excess 95% interval
Bosnia and Herzegovina,BIH,2023,2023-11-18,2023-11-18,25548.021,25227.342,26317.732,2023-11-12,16364,6,TRUE,9184.021,1.561233255927646,64.0519279360229,Reported below excess 95% interval
Botswana,BWA,2020,2020-12-27,2020-12-21,-108.8568,-612.428,1605.933,2020-12-27,39,6,TRUE,-147.85680000000002,NA,NA,Reported within excess 95% interval
Botswana,BWA,2021,2021-12-26,2021-12-20,5783.5557,5051.449,11673.925,2021-12-26,2439,6,TRUE,3344.5557,2.371281549815498,42.171289194984325,Reported below excess 95% interval
Botswana,BWA,2022,2022-12-25,2022-12-19,7654.6895,6658.556,15566.497,2022-12-25,2786,6,TRUE,4868.6895,2.7475554558506823,36.3959896740423,Reported below excess 95% interval
Botswana,BWA,2023,2023-11-18,2023-11-18,8038.893,6703.1465,16899.598,2023-11-12,2800,6,TRUE,5238.893,2.8710332142857142,34.83066636164955,Reported below excess 95% interval
Brazil,BRA,2020,2020-12-27,2020-12-21,182111.52,182111.52,182111.52,2020-12-27,190488,6,TRUE,-8376.48000000001,0.9560262063752046,104.59964311977629,Reported above excess 95% interval
Brazil,BRA,2021,2021-12-26,2021-12-20,663329.7,663329.7,663329.7,2021-12-26,618392,6,TRUE,44937.69999999995,1.0726686309007878,93.22543525489662,Reported below excess 95% interval
Brazil,BRA,2022,2022-12-25,2022-12-19,852215.9,852215.9,852215.9,2022-12-25,692743,6,TRUE,159472.90000000002,1.2302049966582125,81.28726535142093,Reported below excess 95% interval
Brazil,BRA,2023,2023-11-18,2023-11-18,920270.9,903695.2,940843.06,2023-11-12,702116,6,TRUE,218154.90000000002,1.3107106233158055,76.29449111125865,Reported below excess 95% interval
British Virgin Islands,VGB,2020,2020-12-27,2020-12-21,-5.2342477,-16.556393,28.963062,2020-12-27,1,6,TRUE,-6.2342477,NA,NA,Reported within excess 95% interval
British Virgin Islands,VGB,2021,2021-12-26,2021-12-20,40.70373,9.656867,86.890335,2021-12-26,39,6,TRUE,1.7037300000000002,1.0436853846153846,95.81431480603867,Reported within excess 95% interval
British Virgin Islands,VGB,2022,2022-12-25,2022-12-19,77.963905,10.713252,127.07328,2022-12-25,64,6,TRUE,13.963904999999997,1.218186015625,82.0892693869041,Reported within excess 95% interval
British Virgin Islands,VGB,2023,2023-11-18,2023-11-18,73.82452,-11.084444,138.55853,2023-11-12,64,6,TRUE,9.824520000000007,1.153508125,86.69206382919928,Reported within excess 95% interval
Brunei,BRN,2020,2020-12-27,2020-12-21,-53.80773,-53.80773,-53.80773,2020-12-27,3,6,TRUE,-56.80773,NA,NA,Reported above excess 95% interval
Brunei,BRN,2021,2021-12-26,2021-12-20,-56.47727,-56.47727,-56.47727,2021-12-26,61,6,TRUE,-117.47727,NA,NA,Reported above excess 95% interval
Brunei,BRN,2022,2022-12-25,2022-12-19,497.95056,171.2101,869.3663,2022-12-25,148,6,TRUE,349.95056,3.3645308108108107,29.721826198970437,Reported below excess 95% interval
Brunei,BRN,2023,2023-11-18,2023-11-18,722.79047,97.45874,1234.0602,2023-11-12,163,6,TRUE,559.79047,4.43429736196319,22.551487155053387,Reported within excess 95% interval
Bulgaria,BGR,2020,2020-12-27,2020-12-21,17478.95,17478.95,17478.95,2020-12-27,7123,6,TRUE,10355.95,2.453874771865787,40.75187582778142,Reported below excess 95% interval
Bulgaria,BGR,2021,2021-12-26,2021-12-20,60213.785,60213.785,60213.785,2021-12-26,30528,6,TRUE,29685.785000000003,1.9724117203878408,50.699353976834374,Reported below excess 95% interval
Bulgaria,BGR,2022,2022-12-25,2022-12-19,74106.09,74106.09,74106.09,2022-12-25,38036,6,TRUE,36070.09,1.9483144915343358,51.32641595312882,Reported below excess 95% interval
Bulgaria,BGR,2023,2023-11-18,2023-11-18,68951.48,68470.484,70161.37,2023-11-12,38540,6,TRUE,30411.479999999996,1.789088738972496,55.89437674144196,Reported below excess 95% interval
Burkina Faso,BFA,2020,2020-12-27,2020-12-21,6532.9,-13903.785,18050.662,2020-12-27,78,6,TRUE,6454.9,83.7551282051282,1.1939567420288082,Reported within excess 95% interval
Burkina Faso,BFA,2021,2021-12-26,2021-12-20,25154.73,-8474.453,50034.746,2021-12-26,317,6,TRUE,24837.73,79.35246056782334,1.260200367883098,Reported within excess 95% interval
Burkina Faso,BFA,2022,2022-12-25,2022-12-19,43860.26,-4991.6377,87973.16,2022-12-25,395,6,TRUE,43465.26,111.03863291139241,0.9005874566179042,Reported within excess 95% interval
Burkina Faso,BFA,2023,2023-11-18,2023-11-18,51712.62,-5520.1353,100100.84,2023-11-12,396,6,TRUE,51316.62,130.58742424242425,0.7657705217797899,Reported within excess 95% interval
Burundi,BDI,2020,2020-12-27,2020-12-21,2772.7173,-4636.7637,11634.017,2020-12-27,2,6,TRUE,2770.7173,1386.35865,0.07213140697755231,Reported within excess 95% interval
Burundi,BDI,2021,2021-12-26,2021-12-20,9826.007,-3731.0261,31089.637,2021-12-26,14,6,TRUE,9812.007,701.8576428571429,0.14247903548206306,Reported within excess 95% interval
Burundi,BDI,2022,2022-12-25,2022-12-19,15560.263,-2916.3657,44070.69,2022-12-25,15,6,TRUE,15545.263,1037.3508666666667,0.09639939890476144,Reported within excess 95% interval
Burundi,BDI,2023,2023-11-18,2023-11-18,19826.957,-3184.2427,53228.49,2023-11-12,15,6,TRUE,19811.957,1321.7971333333332,0.07565457472873927,Reported within excess 95% interval
Cambodia,KHM,2021,2021-12-26,2021-12-20,28397.643,7447.068,32724.707,2021-12-26,3008,6,TRUE,25389.643,9.440705784574469,10.592428392736679,Reported below excess 95% interval
Cambodia,KHM,2022,2022-12-25,2022-12-19,52955.24,14835.113,54397.44,2022-12-25,3056,6,TRUE,49899.24,17.328285340314135,5.770911433882652,Reported below excess 95% interval
Cambodia,KHM,2023,2023-11-18,2023-11-18,64151.87,13384.04,74515.805,2023-11-12,3056,6,TRUE,61095.87,20.992104057591625,4.76369589849836,Reported below excess 95% interval
Cameroon,CMR,2020,2020-12-27,2020-12-21,14253.749,-5958.0967,27347.037,2020-12-27,448,6,TRUE,13805.749,31.816404017857142,3.1430327558034032,Reported within excess 95% interval
Cameroon,CMR,2021,2021-12-26,2021-12-20,43675.875,6558.6865,77422.45,2021-12-26,1851,6,TRUE,41824.875,23.595826580226905,4.238037589401472,Reported below excess 95% interval
Cameroon,CMR,2022,2022-12-25,2022-12-19,58039.34,12575.607,114914.66,2022-12-25,1965,6,TRUE,56074.34,29.536559796437658,3.385634640228507,Reported below excess 95% interval
Cameroon,CMR,2023,2023-11-18,2023-11-18,62433.145,14273.222,146890.98,2023-11-12,1974,6,TRUE,60459.145,31.627733029381965,3.161782095071456,Reported below excess 95% interval
Canada,CAN,2020,2020-12-27,2020-12-21,14721.228,14721.228,14721.228,2020-12-27,14734,6,TRUE,-12.772000000000844,0.9991331613954119,100.08675906656701,Reported above excess 95% interval
Canada,CAN,2021,2021-12-26,2021-12-20,29193.92,29193.92,29193.92,2021-12-26,29851,6,TRUE,-657.0800000000017,0.9779880071019396,102.25074262038123,Reported above excess 95% interval
Canada,CAN,2022,2022-12-25,2022-12-19,63017.754,63017.754,63017.754,2022-12-25,48421,6,TRUE,14596.754,1.3014550298424237,76.8370767387235,Reported below excess 95% interval
Canada,CAN,2023,2023-11-18,2023-11-18,71485.18,61084.92,76423.53,2023-11-12,53309,6,TRUE,18176.179999999993,1.340958937515241,74.57349901056415,Reported below excess 95% interval
Cape Verde,CPV,2020,2020-12-27,2020-12-21,178.26443,178.26443,178.26443,2020-12-27,112,6,TRUE,66.26443,1.5916466964285714,62.82801341804419,Reported below excess 95% interval
Cape Verde,CPV,2021,2021-12-26,2021-12-20,562.6608,562.6608,562.6608,2021-12-26,352,6,TRUE,210.6608,1.5984681818181818,62.559893989416004,Reported below excess 95% interval
Cape Verde,CPV,2022,2022-12-25,2022-12-19,717.45215,658.59644,1133.1919,2022-12-25,412,6,TRUE,305.45214999999996,1.741388713592233,57.42543248354612,Reported below excess 95% interval
Cape Verde,CPV,2023,2023-11-18,2023-11-18,772.80695,566.28845,1470.7854,2023-11-12,416,6,TRUE,356.80695000000003,1.857709014423077,53.8297436377869,Reported below excess 95% interval
Cayman Islands,CYM,2020,2020-12-27,2020-12-21,8.472093,-15.473059,46.183987,2020-12-27,2,6,TRUE,6.472092999999999,4.2360465,23.60691744058995,Reported within excess 95% interval
Cayman Islands,CYM,2021,2021-12-26,2021-12-20,68.16885,2.0417674,133.69756,2021-12-26,11,6,TRUE,57.168850000000006,6.197168181818182,16.136402477084474,Reported within excess 95% interval
Cayman Islands,CYM,2022,2022-12-25,2022-12-19,141.7266,26.851711,245.14342,2022-12-25,37,6,TRUE,104.72659999999999,3.830448648648648,26.106602430313014,Reported within excess 95% interval
Cayman Islands,CYM,2023,2023-11-18,2023-11-18,148.42229,-5.415516,294.50168,2023-11-12,37,6,TRUE,111.42229,4.0114132432432434,24.928870185199273,Reported within excess 95% interval
Central African Republic,CAF,2020,2020-12-27,2020-12-21,21.250614,-2247.222,3032.4033,2020-12-27,63,6,TRUE,-41.749386,0.3373113333333333,296.46202222674606,Reported within excess 95% interval
Central African Republic,CAF,2021,2021-12-26,2021-12-20,4092.8523,-1576.6119,10289.103,2021-12-26,101,6,TRUE,3991.8523,40.5232900990099,2.4677167070016184,Reported within excess 95% interval
Central African Republic,CAF,2022,2022-12-25,2022-12-19,8025.463,-887.1586,14136.055,2022-12-25,113,6,TRUE,7912.463,71.02179646017699,1.4080184532655624,Reported within excess 95% interval
Central African Republic,CAF,2023,2023-11-18,2023-11-18,9363.356,-625.66113,18830.75,2023-11-12,113,6,TRUE,9250.356,82.86155752212389,1.2068322511714817,Reported within excess 95% interval
Chad,TCD,2020,2020-12-27,2020-12-21,13398.703,-6476.0005,19174.04,2020-12-27,104,6,TRUE,13294.703,128.8336826923077,0.776194531664744,Reported within excess 95% interval
Chad,TCD,2021,2021-12-26,2021-12-20,40545.824,-5340.162,47931.727,2021-12-26,181,6,TRUE,40364.824,224.0100773480663,0.446408488331622,Reported within excess 95% interval
Chad,TCD,2022,2022-12-25,2022-12-19,60662.836,-3864.7148,68513.375,2022-12-25,194,6,TRUE,60468.836,312.6950309278351,0.3198004128920052,Reported within excess 95% interval
Chad,TCD,2023,2023-11-18,2023-11-18,65740.03,-3431.5955,85021.04,2023-11-12,194,6,TRUE,65546.03,338.8661340206186,0.29510178197363157,Reported within excess 95% interval
Chile,CHL,2020,2020-12-27,2020-12-21,14192.769,14192.769,14192.769,2020-12-27,16404,6,TRUE,-2211.2309999999998,0.8652017190929042,115.57998301811296,Reported above excess 95% interval
Chile,CHL,2021,2021-12-26,2021-12-20,38639.87,38639.87,38639.87,2021-12-26,39013,6,TRUE,-373.1299999999974,0.9904357521851691,100.9656605987546,Reported above excess 95% interval
Chile,CHL,2022,2022-12-25,2022-12-19,60986.88,60986.88,60986.88,2022-12-25,63012,6,TRUE,-2025.1200000000026,0.9678613597410016,103.32058304999372,Reported above excess 95% interval
Chile,CHL,2023,2023-11-18,2023-11-18,64327.984,62441.844,65809.766,2023-11-12,61896,6,TRUE,2431.9839999999967,1.0392914566369393,96.21939963173726,Reported below excess 95% interval
China,CHN,2020,2020-12-27,2020-12-21,-133344.33,-188676.58,494746.88,2020-12-27,4777,6,TRUE,-138121.33,NA,NA,Reported within excess 95% interval
China,CHN,2021,2021-12-26,2021-12-20,252027,-225548.86,1454285.4,2021-12-26,5699,6,TRUE,246328,44.223021582733814,2.2612656580445747,Reported within excess 95% interval
China,CHN,2022,2022-12-25,2022-12-19,1190250.1,246575.19,3386781.8,2022-12-25,38995,6,TRUE,1151255.1,30.523146557250932,3.276202203217626,Reported below excess 95% interval
China,CHN,2023,2023-11-18,2023-11-18,1821669.2,462647.12,5087517,2023-11-12,121873,6,TRUE,1699796.2,14.947274621942514,6.69018282792507,Reported below excess 95% interval
Colombia,COL,2020,2020-12-27,2020-12-21,51920.96,51920.96,51920.96,2020-12-27,41690,6,TRUE,10230.96,1.2454056128568,80.29512551385798,Reported below excess 95% interval
Colombia,COL,2021,2021-12-26,2021-12-20,162784.92,162784.92,162784.92,2021-12-26,129686,6,TRUE,33098.92000000001,1.2552235399349199,79.66708464150119,Reported below excess 95% interval
Colombia,COL,2022,2022-12-25,2022-12-19,189381.12,189381.12,189381.12,2022-12-25,142076,6,TRUE,47305.119999999995,1.3329564458458854,75.02120591535207,Reported below excess 95% interval
Colombia,COL,2023,2023-11-18,2023-11-18,190509.83,181551.02,207049.22,2023-11-12,142727,6,TRUE,47782.82999999999,1.334784798951845,74.91844384092937,Reported below excess 95% interval
Comoros,COM,2020,2020-12-27,2020-12-21,269.87848,-320.7447,671.04004,2020-12-27,7,6,TRUE,262.87848,38.55406857142857,2.5937599767124815,Reported within excess 95% interval
Comoros,COM,2021,2021-12-26,2021-12-20,886.6931,49.115696,1876.469,2021-12-26,153,6,TRUE,733.6931,5.795379738562091,17.255124687448227,Reported within excess 95% interval
Comoros,COM,2022,2022-12-25,2022-12-19,1116.9336,227.3167,2894.0815,2022-12-25,160,6,TRUE,956.9336000000001,6.980835000000001,14.32493390833618,Reported below excess 95% interval
Comoros,COM,2023,2023-11-18,2023-11-18,1152.1033,328.32703,3736.813,2023-11-12,160,6,TRUE,992.1033,7.200645625,13.887643581960056,Reported below excess 95% interval
Congo,COG,2020,2020-12-27,2020-12-21,2624.4312,-2822.3608,5738.999,2020-12-27,100,6,TRUE,2524.4312,26.244312,3.810349457817755,Reported within excess 95% interval
Congo,COG,2021,2021-12-26,2021-12-20,8396.779,-2056.72,17082.95,2021-12-26,367,6,TRUE,8029.779,22.879506811989103,4.370723583412163,Reported within excess 95% interval
Congo,COG,2022,2022-12-25,2022-12-19,11810.139,-1365.8806,24025.398,2022-12-25,386,6,TRUE,11424.139,30.596215025906734,3.268378128318388,Reported within excess 95% interval
Congo,COG,2023,2023-11-18,2023-11-18,13386.141,-819.0918,30758.086,2023-11-12,389,6,TRUE,12997.141,34.4116735218509,2.9059906062546332,Reported within excess 95% interval
Cook Islands,COK,2022,2022-12-25,2022-12-19,3.9695444,-25.308395,42.145702,2022-12-25,1,6,TRUE,2.9695444,3.9695444,25.191807906217146,Reported within excess 95% interval
Cook Islands,COK,2023,2023-11-18,2023-11-18,0.27874437,-39.953346,63.713627,2023-11-12,2,6,TRUE,-1.72125563,0.139372185,717.5032808734396,Reported within excess 95% interval
Costa Rica,CRI,2020,2020-12-27,2020-12-21,721.9378,721.9378,721.9378,2020-12-27,2103,6,TRUE,-1381.0621999999998,0.3432894912030433,291.2993335436931,Reported above excess 95% interval
Costa Rica,CRI,2021,2021-12-26,2021-12-20,5910.0317,5910.0317,5910.0317,2021-12-26,7349,6,TRUE,-1438.9683000000005,0.8041953599129132,124.34789478371158,Reported above excess 95% interval
Costa Rica,CRI,2022,2022-12-25,2022-12-19,8036.471,8036.471,8036.471,2022-12-25,9072,6,TRUE,-1035.5290000000005,0.8858543871252204,112.88536971016259,Reported above excess 95% interval
Costa Rica,CRI,2023,2023-11-18,2023-11-18,9298.89,6042.01,11307.115,2023-11-12,9368,6,TRUE,-69.11000000000058,0.9926227583262168,100.74320698491971,Reported within excess 95% interval
Cote d'Ivoire,CIV,2020,2020-12-27,2020-12-21,4355.444,-12866.486,16207.255,2020-12-27,134,6,TRUE,4221.444,32.503313432835824,3.0766094111185907,Reported within excess 95% interval
Cote d'Ivoire,CIV,2021,2021-12-26,2021-12-20,28185.014,-9763.649,47183.29,2021-12-26,707,6,TRUE,27478.014,39.86564922206506,2.5084252219991803,Reported within excess 95% interval
Cote d'Ivoire,CIV,2022,2022-12-25,2022-12-19,47769.82,-5998.7236,80922.805,2022-12-25,830,6,TRUE,46939.82,57.554,1.7374986968759774,Reported within excess 95% interval
Cote d'Ivoire,CIV,2023,2023-11-18,2023-11-18,58742.867,-3006.339,93586.76,2023-11-12,835,6,TRUE,57907.867,70.35073892215568,1.421449177821028,Reported within excess 95% interval
Croatia,HRV,2020,2020-12-27,2020-12-21,6137.429,6137.429,6137.429,2020-12-27,3613,6,TRUE,2524.429,1.698707168557985,58.868298109843714,Reported below excess 95% interval
Croatia,HRV,2021,2021-12-26,2021-12-20,18615.264,18615.264,18615.264,2021-12-26,12279,6,TRUE,6336.263999999999,1.5160244319569998,65.96199763806734,Reported below excess 95% interval
Croatia,HRV,2022,2022-12-25,2022-12-19,26079.143,26079.143,26079.143,2022-12-25,17515,6,TRUE,8564.143,1.4889604910077077,67.16094926892345,Reported below excess 95% interval
Croatia,HRV,2023,2023-11-18,2023-11-18,27032.13,26806.893,27448.303,2023-11-12,18446,6,TRUE,8586.130000000001,1.4654738154613467,68.23731611234483,Reported below excess 95% interval
Cuba,CUB,2020,2020-12-27,2020-12-21,144.82245,144.82245,144.82245,2020-12-27,141,6,TRUE,3.8224500000000035,1.0271095744680852,97.3605956811254,Reported below excess 95% interval
Cuba,CUB,2021,2021-12-26,2021-12-20,54266.645,54266.645,54266.645,2021-12-26,8320,6,TRUE,45946.645,6.522433293269231,15.331701453074905,Reported below excess 95% interval
Cuba,CUB,2022,2022-12-25,2022-12-19,57738.453,57738.453,57738.453,2022-12-25,8530,6,TRUE,49208.453,6.768869050410316,14.773516706448646,Reported below excess 95% interval
Cuba,CUB,2023,2023-11-18,2023-11-18,60418.402,56261.516,66823.67,2023-11-12,8530,6,TRUE,51888.402,7.083048300117233,14.11821517556853,Reported below excess 95% interval
Curacao,CUW,2020,2020-12-27,2020-12-21,38.26513,-30.985748,170.83192,2020-12-27,12,6,TRUE,26.26513,3.1887608333333333,31.36014434029102,Reported within excess 95% interval
Curacao,CUW,2021,2021-12-26,2021-12-20,442.43408,188.06902,732.56494,2021-12-26,186,6,TRUE,256.43408,2.3786778494623655,42.040161101513696,Reported below excess 95% interval
Curacao,CUW,2022,2022-12-25,2022-12-19,714.32263,360.01776,1154.0684,2022-12-25,299,6,TRUE,415.32263,2.38903889632107,41.8578367032835,Reported below excess 95% interval
Curacao,CUW,2023,2023-11-18,2023-11-18,812.0876,363.66483,1273.734,2023-11-12,305,6,TRUE,507.08759999999995,2.662582295081967,37.55752458232339,Reported below excess 95% interval
Cyprus,CYP,2020,2020-12-27,2020-12-21,256.20844,256.20844,256.20844,2020-12-27,114,6,TRUE,142.20844,2.2474424561403508,44.49502131936013,Reported below excess 95% interval
Cyprus,CYP,2021,2021-12-26,2021-12-20,1169.5581,1169.5581,1169.5581,2021-12-26,637,6,TRUE,532.5581,1.836040973312402,54.465015461822716,Reported below excess 95% interval
Cyprus,CYP,2022,2022-12-25,2022-12-19,1999.2192,1999.2192,1999.2192,2022-12-25,1255,6,TRUE,744.2192,1.5930033466135458,62.77450716759823,Reported below excess 95% interval
Cyprus,CYP,2023,2023-11-18,2023-11-18,1829.0094,1770.1555,1981.8076,2023-11-12,1364,6,TRUE,465.0093999999999,1.3409159824046921,74.57588790959741,Reported below excess 95% interval
Czechia,CZE,2020,2020-12-27,2020-12-21,16144.984,16144.984,16144.984,2020-12-27,11367,6,TRUE,4777.984,1.4203381719011172,70.40576813207123,Reported below excess 95% interval
Czechia,CZE,2021,2021-12-26,2021-12-20,43400.797,43400.797,43400.797,2021-12-26,35988,6,TRUE,7412.796999999999,1.205979687673669,82.92013623620782,Reported below excess 95% interval
Czechia,CZE,2022,2022-12-25,2022-12-19,49755.277,49755.277,49755.277,2022-12-25,42099,6,TRUE,7656.277000000002,1.181863630965106,84.61213068917293,Reported below excess 95% interval
Czechia,CZE,2023,2023-11-18,2023-11-18,46749.332,46310.117,48386.42,2023-11-12,42983,6,TRUE,3766.332000000002,1.087623758229998,91.94355974968796,Reported below excess 95% interval
Democratic Republic of Congo,COD,2020,2020-12-27,2020-12-21,38303.625,-36151.312,83376.08,2020-12-27,579,6,TRUE,37724.625,66.15479274611398,1.5116062774737378,Reported within excess 95% interval
Democratic Republic of Congo,COD,2021,2021-12-26,2021-12-20,205647.47,-26989.016,241981.03,2021-12-26,1205,6,TRUE,204442.47,170.66180082987552,0.5859542060011728,Reported within excess 95% interval
Democratic Republic of Congo,COD,2022,2022-12-25,2022-12-19,337376.22,-2462.3293,365033.22,2022-12-25,1462,6,TRUE,335914.22,230.763488372093,0.4333441165473963,Reported within excess 95% interval
Democratic Republic of Congo,COD,2023,2023-11-18,2023-11-18,378359,1411.5029,445883.1,2023-11-12,1468,6,TRUE,376891,257.73773841961855,0.387991299268684,Reported within excess 95% interval
Denmark,DNK,2020,2020-12-27,2020-12-21,-75.255615,-75.255615,-75.255615,2020-12-27,1159,6,TRUE,-1234.255615,NA,NA,Reported above excess 95% interval
Denmark,DNK,2021,2021-12-26,2021-12-20,2170.817,2170.817,2170.817,2021-12-26,3197,6,TRUE,-1026.183,0.6790168908351579,147.271741468765,Reported above excess 95% interval
Denmark,DNK,2022,2022-12-25,2022-12-19,6177.8735,6177.8735,6177.8735,2022-12-25,7712,6,TRUE,-1534.1265000000003,0.8010728086099584,124.8325981423867,Reported above excess 95% interval
Denmark,DNK,2023,2023-11-18,2023-11-18,7840.635,7604.609,8035.11,2023-11-12,8918,6,TRUE,-1077.3649999999998,0.8791920834267773,113.74078757651644,Reported above excess 95% interval
Djibouti,DJI,2020,2020-12-27,2020-12-21,228.93776,-106.75971,1261.232,2020-12-27,61,6,TRUE,167.93776,3.753078032786885,26.644796384834027,Reported within excess 95% interval
Djibouti,DJI,2021,2021-12-26,2021-12-20,1114.5709,338.85855,3384.1091,2021-12-26,189,6,TRUE,925.5708999999999,5.8972005291005285,16.957198505720903,Reported below excess 95% interval
Djibouti,DJI,2022,2022-12-25,2022-12-19,1669.0294,448.24084,4353.733,2022-12-25,189,6,TRUE,1480.0294,8.830843386243385,11.323946720171616,Reported below excess 95% interval
Djibouti,DJI,2023,2023-11-18,2023-11-18,2037.6289,371.4955,5192.2593,2023-11-12,189,6,TRUE,1848.6289,10.781105291005291,9.275486817054862,Reported below excess 95% interval
Dominica,DMA,2021,2021-12-26,2021-12-20,109.181496,27.777472,171.28352,2021-12-26,45,6,TRUE,64.181496,2.4262554666666665,41.21577524455243,Reported within excess 95% interval
Dominica,DMA,2022,2022-12-25,2022-12-19,199.57385,65.57006,302.21716,2022-12-25,74,6,TRUE,125.57385,2.696943918918919,37.079006092231026,Reported within excess 95% interval
Dominica,DMA,2023,2023-11-18,2023-11-18,205.65208,43.67279,335.64102,2023-11-12,74,6,TRUE,131.65208,2.779082162162162,35.98310311279127,Reported within excess 95% interval
Dominican Republic,DOM,2020,2020-12-27,2020-12-21,1504.0568,1504.0568,1504.0568,2020-12-27,2404,6,TRUE,-899.9431999999999,0.6256475873544094,159.83438923317257,Reported above excess 95% interval
Dominican Republic,DOM,2021,2021-12-26,2021-12-20,6166.1025,6166.1025,6166.1025,2021-12-26,4237,6,TRUE,1929.1025,1.4552991503422232,68.71439454663623,Reported below excess 95% interval
Dominican Republic,DOM,2022,2022-12-25,2022-12-19,5654.257,5252.81,6500.329,2022-12-25,4384,6,TRUE,1270.2569999999996,1.2897484032846716,77.53450188061845,Reported below excess 95% interval
Dominican Republic,DOM,2023,2023-11-18,2023-11-18,5973.563,912.35394,10996.685,2023-11-12,4384,6,TRUE,1589.563,1.3625828010948906,73.39003539428646,Reported within excess 95% interval
East Timor,TLS,2021,2021-12-26,2021-12-20,2105.5508,315.60962,3345.037,2021-12-26,122,6,TRUE,1983.5508,17.258613114754098,5.794208337314872,Reported below excess 95% interval
East Timor,TLS,2022,2022-12-25,2022-12-19,3163.2466,493.04672,4758.5664,2022-12-25,138,6,TRUE,3025.2466,22.922076811594202,4.362606443645589,Reported below excess 95% interval
East Timor,TLS,2023,2023-11-18,2023-11-18,3788.9814,572.73267,5670.0034,2023-11-12,138,6,TRUE,3650.9814,27.45638695652174,3.6421398109792777,Reported below excess 95% interval
Ecuador,ECU,2020,2020-12-27,2020-12-21,40498.45,40498.45,40498.45,2020-12-27,13990,6,TRUE,26508.449999999997,2.894814152966404,34.54453195122283,Reported below excess 95% interval
Ecuador,ECU,2021,2021-12-26,2021-12-20,68626.13,68626.13,68626.13,2021-12-26,33647,6,TRUE,34979.130000000005,2.0395913454394154,49.02942946076079,Reported below excess 95% interval
Ecuador,ECU,2022,2022-12-25,2022-12-19,79806.32,79806.32,79806.32,2022-12-25,35934,6,TRUE,43872.32000000001,2.2209138977013416,45.02650917872168,Reported below excess 95% interval
Ecuador,ECU,2023,2023-11-18,2023-11-18,84886.1,84082.95,85861.2,2023-11-12,36034,6,TRUE,48852.100000000006,2.3557223733140926,42.44982394055092,Reported below excess 95% interval
Egypt,EGY,2020,2020-12-27,2020-12-21,103916.445,103916.445,103916.445,2020-12-27,7352,6,TRUE,96564.445,14.13444572905332,7.07491485106135,Reported below excess 95% interval
Egypt,EGY,2021,2021-12-26,2021-12-20,290047.6,290047.6,290047.6,2021-12-26,21571,6,TRUE,268476.6,13.44618237448426,7.437055159222142,Reported below excess 95% interval
Egypt,EGY,2022,2022-12-25,2022-12-19,340304.9,340304.9,340304.9,2022-12-25,24802,6,TRUE,315502.9,13.720865252802195,7.288170108629055,Reported below excess 95% interval
Egypt,EGY,2023,2023-11-18,2023-11-18,360435.5,350550.8,392702.94,2023-11-12,24830,6,TRUE,335605.5,14.516129681836489,6.888888580619834,Reported below excess 95% interval
El Salvador,SLV,2020,2020-12-27,2020-12-21,7909.618,5519.9526,8427.186,2020-12-27,1297,6,TRUE,6612.618,6.098394757131843,16.397757767821403,Reported below excess 95% interval
El Salvador,SLV,2021,2021-12-26,2021-12-20,23553.145,10417.762,25647.11,2021-12-26,3818,6,TRUE,19735.145,6.168974594028287,16.21014943015041,Reported below excess 95% interval
El Salvador,SLV,2022,2022-12-25,2022-12-19,27859.781,12156.144,31564.44,2022-12-25,4230,6,TRUE,23629.781,6.586236643026004,15.183177498775027,Reported below excess 95% interval
El Salvador,SLV,2023,2023-11-18,2023-11-18,28303.635,11258.294,31660.77,2023-11-12,4230,6,TRUE,24073.635,6.691166666666667,14.945076842603433,Reported below excess 95% interval
Equatorial Guinea,GNQ,2020,2020-12-27,2020-12-21,195.84203,-314.71848,1318.3213,2020-12-27,86,6,TRUE,109.84203,2.277232906976744,43.91294350860232,Reported within excess 95% interval
Equatorial Guinea,GNQ,2021,2021-12-26,2021-12-20,945.449,115.89435,3419.2751,2021-12-26,175,6,TRUE,770.449,5.402565714285714,18.509723951265485,Reported within excess 95% interval
Equatorial Guinea,GNQ,2022,2022-12-25,2022-12-19,1353.5334,317.38455,4824.3296,2022-12-25,183,6,TRUE,1170.5334,7.39635737704918,13.520168767168952,Reported below excess 95% interval
Equatorial Guinea,GNQ,2023,2023-11-18,2023-11-18,1558.2676,530.95135,6015.7173,2023-11-12,183,6,TRUE,1375.2676,8.515123497267759,11.743810883316833,Reported below excess 95% interval
Eritrea,ERI,2020,2020-12-27,2020-12-21,-562.02185,-1468.5409,2330.5886,2020-12-27,1,6,TRUE,-563.02185,NA,NA,Reported within excess 95% interval
Eritrea,ERI,2021,2021-12-26,2021-12-20,1230.2463,-1195.1691,6563.8594,2021-12-26,72,6,TRUE,1158.2463,17.086754166666665,5.852486611827241,Reported within excess 95% interval
Eritrea,ERI,2022,2022-12-25,2022-12-19,2770.0923,-550.4818,10269.527,2022-12-25,103,6,TRUE,2667.0923,26.894099999999998,3.7182876541695022,Reported within excess 95% interval
Eritrea,ERI,2023,2023-11-18,2023-11-18,2941.2556,-47.862015,12748.225,2023-11-12,103,6,TRUE,2838.2556,28.555879611650486,3.501905784726768,Reported within excess 95% interval
Estonia,EST,2020,2020-12-27,2020-12-21,401.23184,401.23184,401.23184,2020-12-27,284,6,TRUE,117.23183999999998,1.4127881690140844,70.78201969215604,Reported below excess 95% interval
Estonia,EST,2021,2021-12-26,2021-12-20,3501.4712,3501.4712,3501.4712,2021-12-26,1828,6,TRUE,1673.4712,1.9154656455142232,52.20662674592326,Reported below excess 95% interval
Estonia,EST,2022,2022-12-25,2022-12-19,5202.976,5202.976,5202.976,2022-12-25,2727,6,TRUE,2475.9759999999997,1.9079486615328198,52.412311723136916,Reported below excess 95% interval
Estonia,EST,2023,2023-11-18,2023-11-18,5417.0537,5369.6016,5478.629,2023-11-12,2914,6,TRUE,2503.0537000000004,1.8589751887439947,53.79307943725941,Reported below excess 95% interval
Eswatini,SWZ,2020,2020-12-27,2020-12-21,233.69713,72.70566,1469.627,2020-12-27,163,6,TRUE,70.69712999999999,1.4337247239263804,69.74839613990981,Reported within excess 95% interval
Eswatini,SWZ,2021,2021-12-26,2021-12-20,2655.02,2257.269,5375.6064,2021-12-26,1272,6,TRUE,1383.02,2.0872798742138365,47.90924362151698,Reported below excess 95% interval
Eswatini,SWZ,2022,2022-12-25,2022-12-19,3378.2578,2891.4873,6690.549,2022-12-25,1422,6,TRUE,1956.2577999999999,2.3757087201125175,42.09270233905772,Reported below excess 95% interval
Eswatini,SWZ,2023,2023-11-18,2023-11-18,3619.9094,3065.2515,7015.153,2023-11-12,1427,6,TRUE,2192.9094,2.5367269796776455,39.42087611363975,Reported below excess 95% interval
Ethiopia,ETH,2020,2020-12-27,2020-12-21,70681.35,-24216.14,99672.72,2020-12-27,1901,6,TRUE,68780.35,37.181141504471334,2.689535499817137,Reported within excess 95% interval
Ethiopia,ETH,2021,2021-12-26,2021-12-20,299068.75,31109.963,334035.6,2021-12-26,6894,6,TRUE,292174.75,43.3810197272991,2.305155587135065,Reported below excess 95% interval
Ethiopia,ETH,2022,2022-12-25,2022-12-19,483000.12,61049.62,512865.1,2022-12-25,7572,6,TRUE,475428.12,63.78765451664025,1.567701473862988,Reported below excess 95% interval
Ethiopia,ETH,2023,2023-11-18,2023-11-18,572549.75,83623.64,662449.44,2023-11-12,7574,6,TRUE,564975.75,75.5941048323211,1.322854476838039,Reported below excess 95% interval
Faroe Islands,FRO,2021,2021-12-26,2021-12-20,-20.181208,-20.181208,-20.181208,2021-12-26,13,6,TRUE,-33.181208,NA,NA,Reported above excess 95% interval
Faroe Islands,FRO,2022,2022-12-25,2022-12-19,56.279995,56.279995,56.279995,2022-12-25,28,6,TRUE,28.279995,2.0099998214285715,49.75124820107038,Reported below excess 95% interval
Faroe Islands,FRO,2023,2023-11-18,2023-11-18,53.294655,36.193676,82.743355,2023-11-12,28,6,TRUE,25.294655,1.9033805357142857,52.53810161638161,Reported below excess 95% interval
Fiji,FJI,2020,2020-12-27,2020-12-21,-480.38272,-480.38272,256.6171,2020-12-27,2,6,TRUE,-482.38272,NA,NA,Reported within excess 95% interval
Fiji,FJI,2021,2021-12-26,2021-12-20,1141.953,640.7538,2262.5093,2021-12-26,697,6,TRUE,444.953,1.6383830703012912,61.03578693694049,Reported within excess 95% interval
Fiji,FJI,2022,2022-12-25,2022-12-19,1352.7668,588.62604,3397.212,2022-12-25,881,6,TRUE,471.7668000000001,1.5354901248581159,65.12578516858929,Reported within excess 95% interval
Fiji,FJI,2023,2023-11-18,2023-11-18,1281.8169,326.4343,4087.1184,2023-11-12,885,6,TRUE,396.81690000000003,1.4483806779661017,69.04262223411159,Reported within excess 95% interval
Finland,FIN,2020,2020-12-27,2020-12-21,1403.4723,1403.4723,1403.4723,2020-12-27,618,6,TRUE,785.4722999999999,2.270990776699029,44.033644269288395,Reported below excess 95% interval
Finland,FIN,2021,2021-12-26,2021-12-20,4577.8833,4577.8833,4577.8833,2021-12-26,1836,6,TRUE,2741.8833000000004,2.4934004901960787,40.105871637225874,Reported below excess 95% interval
Finland,FIN,2022,2022-12-25,2022-12-19,13034.585,13034.585,13034.585,2022-12-25,8698,6,TRUE,4336.584999999999,1.498572660381697,66.73016440492735,Reported below excess 95% interval
Finland,FIN,2023,2023-11-18,2023-11-18,15972.805,15737.43,16492.959,2023-11-12,11219,6,TRUE,4753.805,1.4237280506283982,70.23813287647349,Reported below excess 95% interval
France,FRA,2020,2020-12-27,2020-12-21,55020.746,55020.746,55020.746,2020-12-27,63534,6,TRUE,-8513.254,0.8660047533604054,115.47280729345255,Reported above excess 95% interval
France,FRA,2021,2021-12-26,2021-12-20,95723.01,95723.01,95723.01,2021-12-26,124165,6,TRUE,-28441.990000000005,0.7709339185760882,129.71280364042042,Reported above excess 95% interval
France,FRA,2022,2022-12-25,2022-12-19,146049.67,146049.67,146049.67,2022-12-25,161667,6,TRUE,-15617.329999999987,0.9033981579419424,110.69316349704863,Reported above excess 95% interval
France,FRA,2023,2023-11-18,2023-11-18,150434.03,147138.03,155642.44,2023-11-12,167985,6,TRUE,-17550.97,0.8955206119594011,111.66688813694614,Reported above excess 95% interval
French Guiana,GUF,2020,2020-12-27,2020-12-21,146.08383,-65.9254,445.23788,2020-12-27,71,6,TRUE,75.08383,2.0575187323943664,48.602230650716095,Reported within excess 95% interval
French Guiana,GUF,2021,2021-12-26,2021-12-20,929.1883,305.19263,1615.5292,2021-12-26,337,6,TRUE,592.1883,2.7572353115727,36.26821388086785,Reported within excess 95% interval
French Guiana,GUF,2022,2022-12-25,2022-12-19,1150.9962,287.6501,2154.4626,2022-12-25,413,6,TRUE,737.9962,2.7869157384987893,35.881960340094956,Reported within excess 95% interval
French Guiana,GUF,2023,2023-11-18,2023-11-18,1105.8662,96.57577,2238.1013,2023-11-12,413,6,TRUE,692.8661999999999,2.677642130750605,37.3462901750682,Reported within excess 95% interval
French Polynesia,PYF,2020,2020-12-27,2020-12-21,23.23242,23.23242,23.23242,2020-12-27,108,6,TRUE,-84.76758,0.215115,464.86762894265854,Reported above excess 95% interval
French Polynesia,PYF,2021,2021-12-26,2021-12-20,635.27673,635.27673,635.27673,2021-12-26,636,6,TRUE,-0.7232699999999568,0.998862783018868,100.11385117159887,Reported above excess 95% interval
French Polynesia,PYF,2022,2022-12-25,2022-12-19,642.26154,489.59015,878.91266,2022-12-25,649,6,TRUE,-6.738460000000032,0.9896171648690292,101.04917694433331,Reported within excess 95% interval
French Polynesia,PYF,2023,2023-11-18,2023-11-18,549.8299,283.85925,1008.3147,2023-11-12,649,6,TRUE,-99.17010000000005,0.847195531587057,118.03650547196507,Reported within excess 95% interval
Gabon,GAB,2020,2020-12-27,2020-12-21,743.0847,-882.51917,1733.6173,2020-12-27,64,6,TRUE,679.0847,11.6106984375,8.612746299311505,Reported within excess 95% interval
Gabon,GAB,2021,2021-12-26,2021-12-20,3145.6863,321.69186,5800.7607,2021-12-26,287,6,TRUE,2858.6863,10.96057944250871,9.123605236796816,Reported below excess 95% interval
Gabon,GAB,2022,2022-12-25,2022-12-19,4812.3774,584.355,8012.1094,2022-12-25,306,6,TRUE,4506.3774,15.726723529411766,6.358603545931373,Reported below excess 95% interval
Gabon,GAB,2023,2023-11-18,2023-11-18,5713.9556,799.90625,9463.562,2023-11-12,307,6,TRUE,5406.9556,18.612233224755702,5.372810387256072,Reported below excess 95% interval
Gambia,GMB,2020,2020-12-27,2020-12-21,410.055,-1436.9727,1815.6716,2020-12-27,123,6,TRUE,287.055,3.3337804878048782,29.995976149540915,Reported within excess 95% interval
Gambia,GMB,2021,2021-12-26,2021-12-20,2279.8096,-665.0307,5434.6465,2021-12-26,342,6,TRUE,1937.8096,6.666109941520468,15.001252736193408,Reported within excess 95% interval
Gambia,GMB,2022,2022-12-25,2022-12-19,3618.0103,-247.33812,8399.096,2022-12-25,372,6,TRUE,3246.0103,9.725834139784945,10.281894443473531,Reported within excess 95% interval
Gambia,GMB,2023,2023-11-18,2023-11-18,4242.665,-381.02606,9773.333,2023-11-12,372,6,TRUE,3870.665,11.405013440860214,8.768073840380987,Reported within excess 95% interval
Georgia,GEO,2020,2020-12-27,2020-12-21,4343.8325,4343.8325,4343.8325,2020-12-27,2377,6,TRUE,1966.8325000000004,1.8274432057214978,54.72126284795741,Reported below excess 95% interval
Georgia,GEO,2021,2021-12-26,2021-12-20,19764.756,19764.756,19764.756,2021-12-26,13512,6,TRUE,6252.756000000001,1.4627557726465366,68.36411236242937,Reported below excess 95% interval
Georgia,GEO,2022,2022-12-25,2022-12-19,25451.678,25451.678,25451.678,2022-12-25,16898,6,TRUE,8553.678,1.5061946975973488,66.39247911277205,Reported below excess 95% interval
Georgia,GEO,2023,2023-11-18,2023-11-18,24527.752,24158.896,26010.867,2023-11-12,17132,6,TRUE,7395.752,1.4316922717721223,69.84741202536621,Reported below excess 95% interval
Germany,DEU,2020,2020-12-27,2020-12-21,36122.977,36122.977,36122.977,2020-12-27,47009,6,TRUE,-10886.023000000001,0.7684268331596077,130.1360073395944,Reported above excess 95% interval
Germany,DEU,2021,2021-12-26,2021-12-20,111596.97,111596.97,111596.97,2021-12-26,117692,6,TRUE,-6095.029999999999,0.948212028005302,105.46164470236064,Reported above excess 95% interval
Germany,DEU,2022,2022-12-25,2022-12-19,218806.6,218806.6,218806.6,2022-12-25,165738,6,TRUE,53068.600000000006,1.3201957306109644,75.74634403166998,Reported below excess 95% interval
Germany,DEU,2023,2023-11-18,2023-11-18,260040.92,257452.52,267515.62,2023-11-12,174979,6,TRUE,85061.92000000001,1.4861264494596496,67.28902512727612,Reported below excess 95% interval
Ghana,GHA,2020,2020-12-27,2020-12-21,5956.725,-14608.644,17848.922,2020-12-27,335,6,TRUE,5621.725,17.78126865671642,5.623895680932056,Reported within excess 95% interval
Ghana,GHA,2021,2021-12-26,2021-12-20,26566.514,-12755.139,61533.418,2021-12-26,1287,6,TRUE,25279.514,20.64220202020202,4.84444440094775,Reported within excess 95% interval
Ghana,GHA,2022,2022-12-25,2022-12-19,52060.76,720.1657,98624.5,2022-12-25,1461,6,TRUE,50599.76,35.63364818617386,2.806336288598169,Reported within excess 95% interval
Ghana,GHA,2023,2023-11-18,2023-11-18,76315.34,4836.8457,120466.59,2023-11-12,1462,6,TRUE,74853.34,52.19927496580027,1.9157354209520656,Reported below excess 95% interval
Gibraltar,GIB,2020,2020-12-27,2020-12-21,-29.077726,-29.077726,-29.077726,2020-12-27,6,6,TRUE,-35.077726,NA,NA,Reported above excess 95% interval
Gibraltar,GIB,2021,2021-12-26,2021-12-20,45.546867,23.514977,119.37934,2021-12-26,100,6,TRUE,-54.453133,0.45546866999999996,219.55406943797036,Reported within excess 95% interval
Gibraltar,GIB,2022,2022-12-25,2022-12-19,50.078888,-0.11835847,187.0641,2022-12-25,110,6,TRUE,-59.921112,0.4552626181818182,219.65343958915383,Reported within excess 95% interval
Gibraltar,GIB,2023,2023-11-18,2023-11-18,46.9253,-30.978333,224.90356,2023-11-12,113,6,TRUE,-66.074700000000007,0.41526814159292036,240.80826334621196,Reported within excess 95% interval
Greece,GRC,2020,2020-12-27,2020-12-21,6478.8154,6478.8154,6478.8154,2020-12-27,4682,6,TRUE,1796.8154000000004,1.3837709098675781,72.26629732342737,Reported below excess 95% interval
Greece,GRC,2021,2021-12-26,2021-12-20,24514.504,24514.504,24514.504,2021-12-26,20505,6,TRUE,4009.504000000001,1.1955378688124847,83.64436008984721,Reported below excess 95% interval
Greece,GRC,2022,2022-12-25,2022-12-19,39181.477,39181.477,39181.477,2022-12-25,34976,6,TRUE,4205.476999999999,1.1202389352698994,89.26667057497603,Reported below excess 95% interval
Greece,GRC,2023,2023-11-18,2023-11-18,40407.168,39772.496,41295.297,2023-11-12,37987,6,TRUE,2420.167999999998,1.0637104272514282,94.01054783151346,Reported below excess 95% interval
Greenland,GRL,2021,2021-12-26,2021-12-20,-51.211838,-51.211838,-51.211838,2021-12-26,1,6,TRUE,-52.211838,NA,NA,Reported above excess 95% interval
Greenland,GRL,2022,2022-12-25,2022-12-19,-85.44021,-85.44021,-85.44021,2022-12-25,21,6,TRUE,-106.44021,NA,NA,Reported above excess 95% interval
Greenland,GRL,2023,2023-11-18,2023-11-18,-152.09021,-187.76422,-115.73633,2023-11-12,21,6,TRUE,-173.09021,NA,NA,Reported above excess 95% interval
Grenada,GRD,2021,2021-12-26,2021-12-20,96.72899,6.611155,225.9533,2021-12-26,200,6,TRUE,-103.27101,0.48364494999999996,206.76324646830284,Reported within excess 95% interval
Grenada,GRD,2022,2022-12-25,2022-12-19,205.9302,79.55802,383.41153,2022-12-25,238,6,TRUE,-32.06979999999999,0.8652529411764707,115.57314080207759,Reported within excess 95% interval
Grenada,GRD,2023,2023-11-18,2023-11-18,231.4776,49.23908,430.27902,2023-11-12,238,6,TRUE,-6.522400000000005,0.9725949579831933,102.81772404759683,Reported within excess 95% interval
Guadeloupe,GLP,2020,2020-12-27,2020-12-21,345.80554,-31.653702,614.37494,2020-12-27,155,6,TRUE,190.80554,2.2310034838709676,44.82287935583681,Reported within excess 95% interval
Guadeloupe,GLP,2021,2021-12-26,2021-12-20,1547.7358,459.98566,2006.2897,2021-12-26,831,6,TRUE,716.7357999999999,1.8624979542719613,53.69133414113701,Reported within excess 95% interval
Guadeloupe,GLP,2022,2022-12-25,2022-12-19,2095.048,466.74408,2902.1335,2022-12-25,999,6,TRUE,1096.0479999999998,2.097145145145145,47.68387168217626,Reported within excess 95% interval
Guadeloupe,GLP,2023,2023-11-18,2023-11-18,2038.3812,290.24927,2991.4126,2023-11-12,1021,6,TRUE,1017.3812,1.9964556317335946,50.088766517273605,Reported within excess 95% interval
Guam,GUM,2020,2020-12-27,2020-12-21,251.75151,80.066086,360.2762,2020-12-27,121,6,TRUE,130.75151,2.080590991735537,48.06326683005794,Reported within excess 95% interval
Guam,GUM,2021,2021-12-26,2021-12-20,614.709,188.48944,769.3287,2021-12-26,270,6,TRUE,344.70899999999995,2.2767,43.923222207581155,Reported within excess 95% interval
Guam,GUM,2022,2022-12-25,2022-12-19,887.9842,309.8027,1321.3328,2022-12-25,411,6,TRUE,476.9842,2.160545498783455,46.28460731621126,Reported within excess 95% interval
Guam,GUM,2023,2023-11-18,2023-11-18,915.62415,276.66556,1579.9309,2023-11-12,417,6,TRUE,498.62415,2.195741366906475,45.54270439459248,Reported within excess 95% interval
Guatemala,GTM,2020,2020-12-27,2020-12-21,10690.506,10690.506,10690.506,2020-12-27,4763,6,TRUE,5927.505999999999,2.2444900272937223,44.55355059900813,Reported below excess 95% interval
Guatemala,GTM,2021,2021-12-26,2021-12-20,43404.934,43404.934,43404.934,2021-12-26,16095,6,TRUE,27309.934,2.69679614787201,37.08103783777208,Reported below excess 95% interval
Guatemala,GTM,2022,2022-12-25,2022-12-19,52300.348,52300.348,52300.348,2022-12-25,19990,6,TRUE,32310.347999999998,2.6163255627813906,38.22154300005805,Reported below excess 95% interval
Guatemala,GTM,2023,2023-11-18,2023-11-18,56361.91,45486.188,64751.6,2023-11-12,20201,6,TRUE,36160.91,2.7900554427998614,35.84158166392871,Reported below excess 95% interval
Guernsey,GGY,2020,2020-12-27,2020-12-21,36.349636,-18.658062,71.50543,2020-12-27,16,6,TRUE,20.349635999999997,2.27185225,44.0169469647509,Reported within excess 95% interval
Guernsey,GGY,2021,2021-12-26,2021-12-20,106.569,-11.831378,205.58649,2021-12-26,23,6,TRUE,83.569,4.6334347826086955,21.582261257964323,Reported within excess 95% interval
Guernsey,GGY,2022,2022-12-25,2022-12-19,272.40146,-4.4566984,435.07202,2022-12-25,60,6,TRUE,212.40146,4.540024333333333,22.0263136621955,Reported within excess 95% interval
Guernsey,GGY,2023,2023-11-18,2023-11-18,291.1214,-34.9472,474.20895,2023-11-12,67,6,TRUE,224.1214,4.34509552238806,23.01445376396239,Reported within excess 95% interval
Guinea,GIN,2020,2020-12-27,2020-12-21,3483.1284,-7748.639,11322.186,2020-12-27,80,6,TRUE,3403.1284,43.539105,2.296785843438904,Reported within excess 95% interval
Guinea,GIN,2021,2021-12-26,2021-12-20,12633.266,-6255.072,28502.176,2021-12-26,389,6,TRUE,12244.266,32.47626221079691,3.0791720842417156,Reported within excess 95% interval
Guinea,GIN,2022,2022-12-25,2022-12-19,17682.63,-5420.446,45341.562,2022-12-25,466,6,TRUE,17216.63,37.94555793991417,2.6353545824348528,Reported within excess 95% interval
Guinea,GIN,2023,2023-11-18,2023-11-18,19447.97,-4504.007,54026.605,2023-11-12,468,6,TRUE,18979.97,41.555491452991454,2.4064208243842415,Reported within excess 95% interval
Guinea-Bissau,GNB,2020,2020-12-27,2020-12-21,940.7971,-878.86786,1958.4905,2020-12-27,45,6,TRUE,895.7971,20.906602222222222,4.78317800937099,Reported within excess 95% interval
Guinea-Bissau,GNB,2021,2021-12-26,2021-12-20,3081.5674,-521.91113,5056.9956,2021-12-26,149,6,TRUE,2932.5674,20.681660402684564,4.835201722344285,Reported within excess 95% interval
Guinea-Bissau,GNB,2022,2022-12-25,2022-12-19,4433.523,-157.51738,7516.9365,2022-12-25,176,6,TRUE,4257.523,25.19047159090909,3.9697549781516863,Reported within excess 95% interval
Guinea-Bissau,GNB,2023,2023-11-18,2023-11-18,5203.8887,-195.28706,9829.872,2023-11-12,177,6,TRUE,5026.8887,29.400501129943507,3.401302568212114,Reported within excess 95% interval
Guyana,GUY,2020,2020-12-27,2020-12-21,466.85074,11.817779,690.5139,2020-12-27,162,6,TRUE,304.85074,2.8817946913580244,34.7005983111433,Reported within excess 95% interval
Guyana,GUY,2021,2021-12-26,2021-12-20,2412.6248,1571.2281,3800.0647,2021-12-26,1042,6,TRUE,1370.6248,2.315378886756238,43.189475628369564,Reported below excess 95% interval
Guyana,GUY,2022,2022-12-25,2022-12-19,3354.1887,2331.982,5664.7397,2022-12-25,1286,6,TRUE,2068.1887,2.608233825816485,38.340120816697045,Reported below excess 95% interval
Guyana,GUY,2023,2023-11-18,2023-11-18,3640.3018,2415.357,6269.4155,2023-11-12,1299,6,TRUE,2341.3018,2.8023878367975366,35.68385456392654,Reported below excess 95% interval
Haiti,HTI,2020,2020-12-27,2020-12-21,3639.7593,-1080.3334,9484.614,2020-12-27,235,6,TRUE,3404.7593,15.488337446808512,6.4564708990509345,Reported within excess 95% interval
Haiti,HTI,2021,2021-12-26,2021-12-20,13563.194,1277.955,24996.908,2021-12-26,766,6,TRUE,12797.194,17.70651958224543,5.647637274818896,Reported below excess 95% interval
Haiti,HTI,2022,2022-12-25,2022-12-19,20048.688,2309.2654000000002,38020.91,2022-12-25,860,6,TRUE,19188.688,23.312427906976744,4.289557501219033,Reported below excess 95% interval
Haiti,HTI,2023,2023-11-18,2023-11-18,21251.96,1160.4194,46461.215,2023-11-12,860,6,TRUE,20391.96,24.711581395348837,4.046685576295081,Reported below excess 95% interval
Honduras,HND,2020,2020-12-27,2020-12-21,7955.4844,3683.0225,14631.939,2020-12-27,3061,6,TRUE,4894.4844,2.598982162691931,38.47660112311954,Reported below excess 95% interval
Honduras,HND,2021,2021-12-26,2021-12-20,25303.838,14683.044,38439.957,2021-12-26,10429,6,TRUE,14874.838,2.4262957138747723,41.21509156041862,Reported below excess 95% interval
Honduras,HND,2022,2022-12-25,2022-12-19,28649.01,16852.086,44823.285,2022-12-25,11063,6,TRUE,17586.01,2.589623971797885,38.615645008326645,Reported below excess 95% interval
Honduras,HND,2023,2023-11-18,2023-11-18,29598.836,15633.979,48088.324,2023-11-12,11114,6,TRUE,18484.836,2.6632028072701095,37.54877387745923,Reported below excess 95% interval
Hungary,HUN,2020,2020-12-27,2020-12-21,12901.347,12901.347,12901.347,2020-12-27,9047,6,TRUE,3854.3469999999998,1.426035923510556,70.12446064740372,Reported below excess 95% interval
Hungary,HUN,2021,2021-12-26,2021-12-20,40865.043,40865.043,40865.043,2021-12-26,38307,6,TRUE,2558.042999999998,1.0667774297125852,93.74026597745168,Reported below excess 95% interval
Hungary,HUN,2022,2022-12-25,2022-12-19,50482.2,50482.2,50482.2,2022-12-25,48439,6,TRUE,2043.199999999997,1.0421808873015546,95.95263280918819,Reported below excess 95% interval
Hungary,HUN,2023,2023-11-18,2023-11-18,49026.727,48552.28,50444.26,2023-11-12,48854,6,TRUE,172.72699999999895,1.0035355753878905,99.64768808654104,Reported within excess 95% interval
Iceland,ISL,2020,2020-12-27,2020-12-21,-35.687454,-35.687454,-35.687454,2020-12-27,28,6,TRUE,-63.687454,NA,NA,Reported above excess 95% interval
Iceland,ISL,2021,2021-12-26,2021-12-20,-37.78764,-37.78764,-37.78764,2021-12-26,37,6,TRUE,-74.78764000000001,NA,NA,Reported above excess 95% interval
Iceland,ISL,2022,2022-12-25,2022-12-19,295.88043,295.88043,295.88043,2022-12-25,186,6,TRUE,109.88042999999999,1.590755,62.86323161014739,Reported below excess 95% interval
Iceland,ISL,2023,2023-11-18,2023-11-18,401.09268,357.86703,431.9884,2023-11-12,186,6,TRUE,215.09267999999997,2.156412258064516,46.3733219963027,Reported below excess 95% interval
India,IND,2020,2020-12-27,2020-12-21,1167171.8,501735.06,1901667.2,2020-12-27,147622,6,TRUE,1019549.8,7.906489547628403,12.647838133169426,Reported below excess 95% interval
India,IND,2021,2021-12-26,2021-12-20,5124492.5,1966072.4,6456684.5,2021-12-26,479682,6,TRUE,4644810.5,10.683103597800208,9.360575705789403,Reported below excess 95% interval
India,IND,2022,2022-12-25,2022-12-19,6850581.5,2326022.2,9505800,2022-12-25,530693,6,TRUE,6319888.5,12.908746676515424,7.746685445607793,Reported below excess 95% interval
India,IND,2023,2023-11-18,2023-11-18,7580622.5,2612835,11154628,2023-11-12,533295,6,TRUE,7047327.5,14.214688868262407,7.03497634923781,Reported below excess 95% interval
Indonesia,IDN,2020,2020-12-27,2020-12-21,38776.004,-23252.402,265743.03,2020-12-27,21237,6,TRUE,17539.004,1.8258701323162405,54.768407801897276,Reported within excess 95% interval
Indonesia,IDN,2021,2021-12-26,2021-12-20,616974.2,331913.53,1007889.7,2021-12-26,144055,6,TRUE,472919.19999999995,4.282907222935684,23.34862624725637,Reported below excess 95% interval
Indonesia,IDN,2022,2022-12-25,2022-12-19,839595.6,418662.8,1437821.6,2022-12-25,160537,6,TRUE,679058.6,5.229919582401565,19.120752895798883,Reported below excess 95% interval
Indonesia,IDN,2023,2023-11-18,2023-11-18,939342.06,436759.06,1764153.1,2023-11-12,161918,6,TRUE,777424.06,5.801344260675157,17.237384217629945,Reported below excess 95% interval
Iran,IRN,2020,2020-12-27,2020-12-21,118768.5,118768.5,118768.5,2020-12-27,54574,6,TRUE,64194.5,2.17628357826071,45.94989412175787,Reported below excess 95% interval
Iran,IRN,2021,2021-12-26,2021-12-20,259225.17,259225.17,259225.17,2021-12-26,131348,6,TRUE,127877.17000000001,1.9735753113865457,50.66946238283882,Reported below excess 95% interval
Iran,IRN,2022,2022-12-25,2022-12-19,283600.16,278902.62,294511.84,2022-12-25,144673,6,TRUE,138927.15999999997,1.9602839507026188,51.01301776416488,Reported below excess 95% interval
Iran,IRN,2023,2023-11-18,2023-11-18,291017.53,263649.8,339750.34,2023-11-12,146662,6,TRUE,144355.53000000003,1.9842735677953391,50.396276815351975,Reported below excess 95% interval
Iraq,IRQ,2020,2020-12-27,2020-12-21,49253.418,27137.6,81868.19,2020-12-27,12767,6,TRUE,36486.418,3.857869350669695,25.921043692845846,Reported below excess 95% interval
Iraq,IRQ,2021,2021-12-26,2021-12-20,108405.91,63145.23,180021.08,2021-12-26,24122,6,TRUE,84283.91,4.494068070640909,22.251554366362498,Reported below excess 95% interval
Iraq,IRQ,2022,2022-12-25,2022-12-19,124415.6,71313.414,229598.72,2022-12-25,25374,6,TRUE,99041.6,4.903271064869552,20.394548593584727,Reported below excess 95% interval
Iraq,IRQ,2023,2023-11-18,2023-11-18,130640.04,73654.41,245838.56,2023-11-12,25375,6,TRUE,105265.04,5.148375960591133,19.423600911328563,Reported below excess 95% interval
Ireland,IRL,2020,2020-12-27,2020-12-21,1536.5106,1536.5106,1536.5106,2020-12-27,2230,6,TRUE,-693.4893999999999,0.6890182062780269,145.1340459349906,Reported above excess 95% interval
Ireland,IRL,2021,2021-12-26,2021-12-20,4829.7515,4829.7515,4829.7515,2021-12-26,6054,6,TRUE,-1224.2484999999997,0.7977785761480014,125.34806397389181,Reported above excess 95% interval
Ireland,IRL,2022,2022-12-25,2022-12-19,8015.53,8015.53,8015.53,2022-12-25,8437,6,TRUE,-421.47000000000025,0.9500450397060566,105.25816758218109,Reported above excess 95% interval
Ireland,IRL,2023,2023-11-18,2023-11-18,10443.477,10313.766,11032.295,2023-11-12,9340,6,TRUE,1103.4770000000008,1.1181452890792292,89.4338159599528,Reported below excess 95% interval
Isle of Man,IMN,2020,2020-12-27,2020-12-21,42.046192,-21.878284,79.07019,2020-12-27,35,6,TRUE,7.046191999999998,1.2013197714285713,83.241783227361,Reported within excess 95% interval
Isle of Man,IMN,2021,2021-12-26,2021-12-20,141.56146,-19.343285,284.28613,2021-12-26,67,6,TRUE,74.56146000000001,2.112857611940299,47.329266030457724,Reported within excess 95% interval
Isle of Man,IMN,2022,2022-12-25,2022-12-19,258.49905,-24.826874,422.60846,2022-12-25,116,6,TRUE,142.49905,2.2284400862068967,44.87443957724409,Reported within excess 95% interval
Isle of Man,IMN,2023,2023-11-18,2023-11-18,271.5706,-67.839355,447.9012,2023-11-12,116,6,TRUE,155.5706,2.3411258620689654,42.71449118571745,Reported within excess 95% interval
Israel,ISR,2020,2020-12-27,2020-12-21,3004.464,3004.464,3004.464,2020-12-27,3242,6,TRUE,-237.53600000000006,0.9267316471314003,107.90610238631584,Reported above excess 95% interval
Israel,ISR,2021,2021-12-26,2021-12-20,7941.7573,7941.7573,7941.7573,2021-12-26,8251,6,TRUE,-309.2426999999998,0.9625205793237184,103.89388252899644,Reported above excess 95% interval
Israel,ISR,2022,2022-12-25,2022-12-19,13456.776,13456.776,13456.776,2022-12-25,12026,6,TRUE,1430.7759999999998,1.1189735572925328,89.36761673078307,Reported below excess 95% interval
Israel,ISR,2023,2023-11-18,2023-11-18,14865.506,14068.644,15776.394,2023-11-12,12707,6,TRUE,2158.5059999999994,1.169867474620288,85.47976772536367,Reported below excess 95% interval
Italy,ITA,2020,2020-12-27,2020-12-21,111842.414,111842.414,111842.414,2020-12-27,71627,6,TRUE,40215.414000000004,1.5614560710346657,64.04278791764992,Reported below excess 95% interval
Italy,ITA,2021,2021-12-26,2021-12-20,189217.2,189217.2,189217.2,2021-12-26,136530,6,TRUE,52687.20000000001,1.3859019995605362,72.15517405394435,Reported below excess 95% interval
Italy,ITA,2022,2022-12-25,2022-12-19,272625.72,272625.72,272625.72,2022-12-25,184168,6,TRUE,88457.71999999997,1.4803099344077146,67.55342085845753,Reported below excess 95% interval
Italy,ITA,2023,2023-11-18,2023-11-18,288922.28,284908.7,296477.9,2023-11-12,192816,6,TRUE,96106.28000000003,1.4984351921002408,66.73628631201443,Reported below excess 95% interval
Jamaica,JAM,2020,2020-12-27,2020-12-21,169.44302,169.44302,169.44302,2020-12-27,294,6,TRUE,-124.55698000000001,0.5763368027210884,173.50965534018457,Reported above excess 95% interval
Jamaica,JAM,2021,2021-12-26,2021-12-20,5880.996,5809.6685,5935.969,2021-12-26,2462,6,TRUE,3418.996,2.388706742485784,41.86365710842177,Reported below excess 95% interval
Jamaica,JAM,2022,2022-12-25,2022-12-19,7554.064,6946.6333,8554.308,2022-12-25,3463,6,TRUE,4091.0640000000003,2.18136413514294,45.8428734519591,Reported below excess 95% interval
Jamaica,JAM,2023,2023-11-18,2023-11-18,8272.3955,6139.35,9583.668,2023-11-12,3590,6,TRUE,4682.3955000000005,2.3042884401114208,43.39734481988923,Reported below excess 95% interval
Japan,JPN,2020,2020-12-27,2020-12-21,-16403.434,-16403.434,-16403.434,2020-12-27,3213,6,TRUE,-19616.434,NA,NA,Reported above excess 95% interval
Japan,JPN,2021,2021-12-26,2021-12-20,14813.077,14813.077,14813.077,2021-12-26,18387,6,TRUE,-3573.9230000000007,0.8056277261108391,124.12681038517522,Reported above excess 95% interval
Japan,JPN,2022,2022-12-25,2022-12-19,147625.7,147625.7,147625.7,2022-12-25,55813,6,TRUE,91812.70000000001,2.645005643846416,37.807102692823804,Reported below excess 95% interval
Japan,JPN,2023,2023-11-18,2023-11-18,239480.25,229431,258884.02,2023-11-12,74694,6,TRUE,164786.25,3.2061510964736124,31.190045943245842,Reported below excess 95% interval
Jersey,JEY,2020,2020-12-27,2020-12-21,99.2353,-18.676556,154.95807,2020-12-27,41,6,TRUE,58.235299999999995,2.420373170731707,41.31594301624523,Reported within excess 95% interval
Jersey,JEY,2021,2021-12-26,2021-12-20,334.9036,41.75584,488.03766,2021-12-26,89,6,TRUE,245.90359999999998,3.762961797752809,26.57481137855789,Reported within excess 95% interval
Jersey,JEY,2022,2022-12-25,2022-12-19,640.1785,52.881886,811.4249,2022-12-25,146,6,TRUE,494.1785,4.384784246575342,22.806139225231714,Reported within excess 95% interval
Jersey,JEY,2023,2023-11-18,2023-11-18,669.0942,-18.462297,900.23175,2023-11-12,161,6,TRUE,508.0942,4.155864596273292,24.062381649698953,Reported within excess 95% interval
Jordan,JOR,2020,2020-12-27,2020-12-21,4101.6587,4101.6587,4101.6587,2020-12-27,3729,6,TRUE,372.65869999999995,1.0999352909627247,90.9144390780247,Reported below excess 95% interval
Jordan,JOR,2021,2021-12-26,2021-12-20,14376.12,14376.12,14376.12,2021-12-26,12444,6,TRUE,1932.1200000000008,1.15526518804243,86.56021235215064,Reported below excess 95% interval
Jordan,JOR,2022,2022-12-25,2022-12-19,15820.101,15820.101,15820.101,2022-12-25,14122,6,TRUE,1698.1010000000006,1.1202450786007647,89.2661810439769,Reported below excess 95% interval
Jordan,JOR,2023,2023-11-18,2023-11-18,14932.913,12697.946,19535.283,2023-11-12,14122,6,TRUE,810.9130000000005,1.0574219657272341,94.5696261673794,Reported within excess 95% interval
Kazakhstan,KAZ,2020,2020-12-27,2020-12-21,29353.297,29353.297,29353.297,2020-12-27,2669,6,TRUE,26684.297,10.997863244660921,9.092675347508663,Reported below excess 95% interval
Kazakhstan,KAZ,2021,2021-12-26,2021-12-20,81102.125,81102.125,81102.125,2021-12-26,18185,6,TRUE,62917.125,4.459836403629365,22.422347133321107,Reported below excess 95% interval
Kazakhstan,KAZ,2022,2022-12-25,2022-12-19,83878.44,83878.44,83878.44,2022-12-25,19057,6,TRUE,64821.44,4.401450385685051,22.719783534362346,Reported below excess 95% interval
Kazakhstan,KAZ,2023,2023-11-18,2023-11-18,78647.164,77344.09,81998.625,2023-11-12,19072,6,TRUE,59575.164000000004,4.1236977768456375,24.250079761299464,Reported below excess 95% interval
Kenya,KEN,2020,2020-12-27,2020-12-21,25609.078,-16116.741,37161.1,2020-12-27,1655,6,TRUE,23954.078,15.473763141993958,6.462552068450101,Reported within excess 95% interval
Kenya,KEN,2021,2021-12-26,2021-12-20,90207.74,7924.104,128447.58,2021-12-26,5359,6,TRUE,84848.74,16.83294271319276,5.940731915021925,Reported below excess 95% interval
Kenya,KEN,2022,2022-12-25,2022-12-19,137808.4,26470.936,193716.67,2022-12-25,5688,6,TRUE,132120.4,24.227918424753867,4.127469733339913,Reported below excess 95% interval
Kenya,KEN,2023,2023-11-18,2023-11-18,164055.97,33151.43,249219.56,2023-11-12,5689,6,TRUE,158366.97,28.837400246088944,3.4677189742013046,Reported below excess 95% interval
Kiribati,KIR,2022,2022-12-25,2022-12-19,-5.641603,-87.455734,319.80054,2022-12-25,13,6,TRUE,-18.641603,NA,NA,Reported within excess 95% interval
Kiribati,KIR,2023,2023-11-18,2023-11-18,5.256246,-106.42299,415.0413,2023-11-12,24,6,TRUE,-18.743754,0.21901025,456.5996340353933,Reported within excess 95% interval
Kosovo,OWID_KOS,2020,2020-12-27,2020-12-21,3192.8499,3192.8499,3192.8499,2020-12-27,1295,6,TRUE,1897.8499000000002,2.4655211583011583,40.55937612350646,Reported below excess 95% interval
Kosovo,OWID_KOS,2021,2021-12-26,2021-12-20,6413.577,6413.577,6413.577,2021-12-26,2979,6,TRUE,3434.577,2.1529295065458207,46.44833920291282,Reported below excess 95% interval
Kosovo,OWID_KOS,2022,2022-12-25,2022-12-19,5395.639,5395.639,5395.639,2022-12-25,3192,6,TRUE,2203.639,1.6903630952380952,59.15888739035358,Reported below excess 95% interval
Kosovo,OWID_KOS,2023,2023-11-18,2023-11-18,4317.6616,3956.6548,5509.8477,2023-11-12,3212,6,TRUE,1105.6616000000004,1.344228393524284,74.3921200308982,Reported below excess 95% interval
Kuwait,KWT,2020,2020-12-27,2020-12-21,3350.987,3350.987,3350.987,2020-12-27,929,6,TRUE,2421.987,3.6070904198062435,27.723175291339537,Reported below excess 95% interval
Kuwait,KWT,2021,2021-12-26,2021-12-20,6879.2446,6879.2446,6879.2446,2021-12-26,2468,6,TRUE,4411.2446,2.787376256077796,35.87603208642995,Reported below excess 95% interval
Kuwait,KWT,2022,2022-12-25,2022-12-19,7322.9463,7322.9463,7322.9463,2022-12-25,2570,6,TRUE,4752.9463,2.849395447470817,35.09516381405118,Reported below excess 95% interval
Kuwait,KWT,2023,2023-11-18,2023-11-18,7484.431,6348.679,9048.628,2023-11-12,2570,6,TRUE,4914.431,2.912229961089494,34.33794766763165,Reported below excess 95% interval
Kyrgyzstan,KGZ,2021,2021-12-26,2021-12-20,13814.185,13814.185,13814.185,2021-12-26,860,6,TRUE,12954.185,16.063005813953488,6.225484891073922,Reported below excess 95% interval
Kyrgyzstan,KGZ,2022,2022-12-25,2022-12-19,13119.752,13119.752,13119.752,2022-12-25,1024,6,TRUE,12095.752,12.8122578125,7.80502558280065,Reported below excess 95% interval
Kyrgyzstan,KGZ,2023,2023-11-18,2023-11-18,12582.1045,11567.265,14010.452,2023-11-12,1024,6,TRUE,11558.1045,12.28721142578125,8.138543118919415,Reported below excess 95% interval
Laos,LAO,2021,2021-12-26,2021-12-20,11430.972,3154.615,16431.58,2021-12-26,325,6,TRUE,11105.972,35.172221538461535,2.843152795755252,Reported below excess 95% interval
Laos,LAO,2022,2022-12-25,2022-12-19,20627.771,9581.121,32644.223,2022-12-25,671,6,TRUE,19956.771,30.741834575260807,3.2528963017865573,Reported below excess 95% interval
Laos,LAO,2023,2023-11-18,2023-11-18,23409.91,11279.023,43857.523,2023-11-12,671,6,TRUE,22738.91,34.888092399403874,2.866307474056927,Reported below excess 95% interval
Latvia,LVA,2020,2020-12-27,2020-12-21,975.4783,975.4783,975.4783,2020-12-27,632,6,TRUE,343.4783,1.5434783227848101,64.78872979542446,Reported below excess 95% interval
Latvia,LVA,2021,2021-12-26,2021-12-20,7965.832,7965.832,7965.832,2021-12-26,4815,6,TRUE,3150.8320000000003,1.6543784008307374,60.44566342850313,Reported below excess 95% interval
Latvia,LVA,2022,2022-12-25,2022-12-19,10838.964,10838.964,10838.964,2022-12-25,7011,6,TRUE,3827.964,1.5459940094137783,64.68330368105292,Reported below excess 95% interval
Latvia,LVA,2023,2023-11-18,2023-11-18,10808.713,10664.27,11131.958,2023-11-12,7430,6,TRUE,3378.7129999999997,1.4547393001345894,68.74083898795352,Reported below excess 95% interval
Lebanon,LBN,2020,2020-12-27,2020-12-21,2341.3838,2341.3838,2341.3838,2020-12-27,1379,6,TRUE,962.3838000000001,1.6978852791878174,58.896794280373854,Reported below excess 95% interval
Lebanon,LBN,2021,2021-12-26,2021-12-20,13743.273,13743.273,13743.273,2021-12-26,9027,6,TRUE,4716.272999999999,1.5224629444998337,65.68304362432443,Reported below excess 95% interval
Lebanon,LBN,2022,2022-12-25,2022-12-19,17702.281,15844.593,19772.508,2022-12-25,10744,6,TRUE,6958.280999999999,1.6476434288905435,60.69274349446832,Reported below excess 95% interval
Lebanon,LBN,2023,2023-11-18,2023-11-18,18813.475,14962.287,22898.58,2023-11-12,10947,6,TRUE,7866.4749999999985,1.7185964191102583,58.187017549921,Reported below excess 95% interval
Lesotho,LSO,2020,2020-12-27,2020-12-21,-36.13564,-800.8624,1386.5023,2020-12-27,64,6,TRUE,-100.13564,NA,NA,Reported within excess 95% interval
Lesotho,LSO,2021,2021-12-26,2021-12-20,2665.241,1310.8027,5911.7153,2021-12-26,665,6,TRUE,2000.241,4.007881203007519,24.950839342483476,Reported below excess 95% interval
Lesotho,LSO,2022,2022-12-25,2022-12-19,4179.6284,2099.8772,7711.9346,2022-12-25,706,6,TRUE,3473.6283999999996,5.920153541076487,16.891453795270415,Reported below excess 95% interval
Lesotho,LSO,2023,2023-11-18,2023-11-18,4957.4243,2393.6235,9125.238,2023-11-12,709,6,TRUE,4248.4243,6.992135825105782,14.301781673196706,Reported below excess 95% interval
Liberia,LBR,2020,2020-12-27,2020-12-21,170.3454,-2957.062,3369.0718,2020-12-27,89,6,TRUE,81.34540000000001,1.9139932584269663,52.246787996623326,Reported within excess 95% interval
Liberia,LBR,2021,2021-12-26,2021-12-20,3676.619,-1936.8778,10004.652,2021-12-26,287,6,TRUE,3389.619,12.810519163763066,7.806084883965403,Reported within excess 95% interval
Liberia,LBR,2022,2022-12-25,2022-12-19,6854.9688,-1660.2672,16794.992,2022-12-25,294,6,TRUE,6560.9688,23.316220408163264,4.288859782994199,Reported within excess 95% interval
Liberia,LBR,2023,2023-11-18,2023-11-18,8110.73,-1797.4768,20454.506,2023-11-12,294,6,TRUE,7816.73,27.58751700680272,3.62482785150042,Reported within excess 95% interval
Libya,LBY,2020,2020-12-27,2020-12-21,4802.816,3027.473,11000.684,2020-12-27,1415,6,TRUE,3387.816,3.394216254416961,29.461882362347424,Reported below excess 95% interval
Libya,LBY,2021,2021-12-26,2021-12-20,19834.508,14019.9795,35201.125,2021-12-26,5641,6,TRUE,14193.508000000002,3.5161333096968623,28.440332374264084,Reported below excess 95% interval
Libya,LBY,2022,2022-12-25,2022-12-19,26173.42,17116.588,44214.074,2022-12-25,6437,6,TRUE,19736.42,4.06608979338201,24.59365264455314,Reported below excess 95% interval
Libya,LBY,2023,2023-11-18,2023-11-18,28288.21,16391.904,48544.164,2023-11-12,6437,6,TRUE,21851.21,4.394626378747864,22.755062974999127,Reported below excess 95% interval
Liechtenstein,LIE,2020,2020-12-27,2020-12-21,42.32046,42.32046,42.32046,2020-12-27,39,6,TRUE,3.320459999999997,1.08514,92.15400777779826,Reported below excess 95% interval
Liechtenstein,LIE,2021,2021-12-26,2021-12-20,41.90377,41.90377,41.90377,2021-12-26,69,6,TRUE,-27.09623,0.6073010144927536,164.66298855687685,Reported above excess 95% interval
Liechtenstein,LIE,2022,2022-12-25,2022-12-19,45.624306,39.85551,69.04765,2022-12-25,87,6,TRUE,-41.375694,0.5244173103448275,190.68783205162617,Reported above excess 95% interval
Liechtenstein,LIE,2023,2023-11-18,2023-11-18,30.598112,18.653515,124.65219,2023-11-12,87,6,TRUE,-56.401888,0.3517024367816092,284.3312685436278,Reported within excess 95% interval
Lithuania,LTU,2020,2020-12-27,2020-12-21,6065.8696,6065.8696,6065.8696,2020-12-27,1617,6,TRUE,4448.8696,3.7513108225108227,26.65734851932854,Reported below excess 95% interval
Lithuania,LTU,2021,2021-12-26,2021-12-20,17786.676,17786.676,17786.676,2021-12-26,7302,6,TRUE,10484.676,2.4358635990139685,41.05320184614596,Reported below excess 95% interval
Lithuania,LTU,2022,2022-12-25,2022-12-19,24980.05,24980.05,24980.05,2022-12-25,9469,6,TRUE,15511.05,2.638087443235822,37.906249186851106,Reported below excess 95% interval
Lithuania,LTU,2023,2023-11-18,2023-11-18,27409.686,27159.75,27954.473,2023-11-12,9750,6,TRUE,17659.686,2.811249846153846,35.57136699778319,Reported below excess 95% interval
Luxembourg,LUX,2020,2020-12-27,2020-12-21,252.55318,252.55318,252.55318,2020-12-27,285,6,TRUE,-32.44682,0.8861515087719298,112.84751987680377,Reported above excess 95% interval
Luxembourg,LUX,2021,2021-12-26,2021-12-20,284.87378,284.87378,284.87378,2021-12-26,635,6,TRUE,-350.12622,0.448620125984252,222.90573741114397,Reported above excess 95% interval
Luxembourg,LUX,2022,2022-12-25,2022-12-19,225.23596,225.23596,225.23596,2022-12-25,955,6,TRUE,-729.76404,0.2358491727748691,423.9997911523542,Reported above excess 95% interval
Luxembourg,LUX,2023,2023-11-18,2023-11-18,35.839935,12.859158,126.064476,2023-11-12,1000,6,TRUE,-964.160065,0.035839934999999996,2790.1836317504485,Reported above excess 95% interval
Madagascar,MDG,2020,2020-12-27,2020-12-21,14137.113,-11963.83,19961.229,2020-12-27,261,6,TRUE,13876.113,54.165183908045975,1.8462043841624525,Reported within excess 95% interval
Madagascar,MDG,2021,2021-12-26,2021-12-20,59518.29,457.83844,61465.973,2021-12-26,1027,6,TRUE,58491.29,57.95354430379747,1.7255200040189327,Reported within excess 95% interval
Madagascar,MDG,2022,2022-12-25,2022-12-19,91687.266,8254.244,96328.836,2022-12-25,1416,6,TRUE,90271.266,64.75089406779661,1.5443802196043233,Reported below excess 95% interval
Madagascar,MDG,2023,2023-11-18,2023-11-18,102654.79,7179.8535,114296.18,2023-11-12,1425,6,TRUE,101229.79,72.03844912280701,1.3881475964248722,Reported below excess 95% interval
Malawi,MWI,2020,2020-12-27,2020-12-21,6017.938,-9282.71,11711.068,2020-12-27,188,6,TRUE,5829.938,32.010308510638296,3.123993633699782,Reported within excess 95% interval
Malawi,MWI,2021,2021-12-26,2021-12-20,34137.918,716.2655,52312.832,2021-12-26,2328,6,TRUE,31809.917999999998,14.66405412371134,6.819396543163529,Reported within excess 95% interval
Malawi,MWI,2022,2022-12-25,2022-12-19,59151.02,5213.0757,73037.33,2022-12-25,2685,6,TRUE,56466.02,22.030175046554934,4.5392285712063805,Reported below excess 95% interval
Malawi,MWI,2023,2023-11-18,2023-11-18,65923.125,3597.6157,81479.9,2023-11-12,2686,6,TRUE,63237.125,24.54323343261355,4.074442769513733,Reported below excess 95% interval
Malaysia,MYS,2020,2020-12-27,2020-12-21,-14005.435,-14005.435,-14005.435,2020-12-27,451,6,TRUE,-14456.435,NA,NA,Reported above excess 95% interval
Malaysia,MYS,2021,2021-12-26,2021-12-20,25345.367,25345.367,25345.367,2021-12-26,31334,6,TRUE,-5988.633000000002,0.8088774813301844,123.62811712294402,Reported above excess 95% interval
Malaysia,MYS,2022,2022-12-25,2022-12-19,39171.168,39171.168,39171.168,2022-12-25,36835,6,TRUE,2336.167999999998,1.0634225057689697,94.03600117310773,Reported below excess 95% interval
Malaysia,MYS,2023,2023-11-18,2023-11-18,43601.39,37621.402,48629.8,2023-11-12,37191,6,TRUE,6410.389999999999,1.1723640127987953,85.29773936106166,Reported below excess 95% interval
Maldives,MDV,2020,2020-12-27,2020-12-21,144.11607,144.11607,144.11607,2020-12-27,48,6,TRUE,96.11607000000001,3.002418125,33.306486917107854,Reported below excess 95% interval
Maldives,MDV,2021,2021-12-26,2021-12-20,544.79156,544.79156,544.79156,2021-12-26,261,6,TRUE,283.79156,2.0873239846743297,47.90823117744335,Reported below excess 95% interval
Maldives,MDV,2022,2022-12-25,2022-12-19,717.9458,637.6236,1424.5522,2022-12-25,311,6,TRUE,406.94579999999996,2.3085073954983923,43.31803319972065,Reported below excess 95% interval
Maldives,MDV,2023,2023-11-18,2023-11-18,756.9884,544.71716,1647.3009,2023-11-12,316,6,TRUE,440.98839999999996,2.395532911392405,41.74436490704481,Reported below excess 95% interval
Mali,MLI,2020,2020-12-27,2020-12-21,23484.25,-6212.59,23484.25,2020-12-27,250,6,TRUE,23234.25,93.937,1.0645432577152774,Reported within excess 95% interval
Mali,MLI,2021,2021-12-26,2021-12-20,42303.707,-2989.6648,46442.82,2021-12-26,653,6,TRUE,41650.707,64.78362480857581,1.5435999497632678,Reported within excess 95% interval
Mali,MLI,2022,2022-12-25,2022-12-19,55481.297,1283.4231,71354.7,2022-12-25,743,6,TRUE,54738.297,74.67200134589501,1.3391900337153257,Reported below excess 95% interval
Mali,MLI,2023,2023-11-18,2023-11-18,60856.15,4680.0977,90918.695,2023-11-12,743,6,TRUE,60113.15,81.90598923283984,1.2209119374130635,Reported below excess 95% interval
Malta,MLT,2020,2020-12-27,2020-12-21,340.3352,340.3352,340.3352,2020-12-27,227,6,TRUE,113.33519999999999,1.4992740088105727,66.69894856600199,Reported below excess 95% interval
Malta,MLT,2021,2021-12-26,2021-12-20,666.76105,666.76105,666.76105,2021-12-26,493,6,TRUE,173.76104999999995,1.3524564908722108,73.93953201075558,Reported below excess 95% interval
Malta,MLT,2022,2022-12-25,2022-12-19,989.4672,989.4672,989.4672,2022-12-25,834,6,TRUE,155.46720000000005,1.1864115107913669,84.28778639655766,Reported below excess 95% interval
Malta,MLT,2023,2023-11-18,2023-11-18,1063.7272,997.9051,1083.6393,2023-11-12,886,6,TRUE,177.72720000000004,1.2005950338600453,83.29203201723148,Reported below excess 95% interval
Marshall Islands,MHL,2022,2022-12-25,2022-12-19,37.0447,-27.834585,128.99013,2022-12-25,17,6,TRUE,20.0447,2.1791,45.89050525446285,Reported within excess 95% interval
Marshall Islands,MHL,2023,2023-11-18,2023-11-18,41.91221,-36.90536,171.49115,2023-11-12,17,6,TRUE,24.91221,2.465424117647059,40.560972566228315,Reported within excess 95% interval
Martinique,MTQ,2020,2020-12-27,2020-12-21,143.68791,-130.39012,307.26086,2020-12-27,42,6,TRUE,101.68790999999999,3.421140714285714,29.230016638143045,Reported within excess 95% interval
Martinique,MTQ,2021,2021-12-26,2021-12-20,1581.967,439.6725,1882.257,2021-12-26,775,6,TRUE,806.9670000000001,2.041247741935484,48.98964390534063,Reported within excess 95% interval
Martinique,MTQ,2022,2022-12-25,2022-12-19,2390.0364,694.77484,2964.0872,2022-12-25,1079,6,TRUE,1311.0364,2.215047636700649,45.145755939114565,Reported within excess 95% interval
Martinique,MTQ,2023,2023-11-18,2023-11-18,2350.8384,506.23102,3032.5212,2023-11-12,1104,6,TRUE,1246.8384,2.129382608695652,46.96196897243128,Reported within excess 95% interval
Mauritania,MRT,2020,2020-12-27,2020-12-21,1745.7872,93.294266,5348.074,2020-12-27,337,6,TRUE,1408.7872,5.180377448071217,19.30361271980915,Reported within excess 95% interval
Mauritania,MRT,2021,2021-12-26,2021-12-20,5201.6226,2635.793,12111.173,2021-12-26,862,6,TRUE,4339.6226,6.0343649651972155,16.57175205290749,Reported below excess 95% interval
Mauritania,MRT,2022,2022-12-25,2022-12-19,7234.4097,3689.6516,17121.09,2022-12-25,997,6,TRUE,6237.4097,7.256178234704112,13.781359383060652,Reported below excess 95% interval
Mauritania,MRT,2023,2023-11-18,2023-11-18,8228.772,3142.481,20358.13,2023-11-12,997,6,TRUE,7231.772000000001,8.2535325977933809,12.116024116356607,Reported below excess 95% interval
Mauritius,MUS,2020,2020-12-27,2020-12-21,-315.2512,-315.2512,-315.2512,2020-12-27,10,6,TRUE,-325.2512,NA,NA,Reported above excess 95% interval
Mauritius,MUS,2021,2021-12-26,2021-12-20,1208.5247,1208.5247,1208.5247,2021-12-26,762,6,TRUE,446.52469999999994,1.5859904199475066,63.05208325489748,Reported below excess 95% interval
Mauritius,MUS,2022,2022-12-25,2022-12-19,2191.1902,2191.1902,2191.1902,2022-12-25,1039,6,TRUE,1152.1902,2.108941482194418,47.417152559371615,Reported below excess 95% interval
Mauritius,MUS,2023,2023-11-18,2023-11-18,2331.9917,1882.7301,2937.144,2023-11-12,1055,6,TRUE,1276.9917,2.210418672985782,45.240298239483444,Reported below excess 95% interval
Mayotte,MYT,2020,2020-12-27,2020-12-21,94.0775,-91.470184,745.7649,2020-12-27,54,6,TRUE,40.0775,1.742175925925926,57.399484467593204,Reported within excess 95% interval
Mayotte,MYT,2021,2021-12-26,2021-12-20,547.3099,91.3997,1860.3248,2021-12-26,185,6,TRUE,362.30989999999997,2.958431891891892,33.80169077884394,Reported within excess 95% interval
Mayotte,MYT,2022,2022-12-25,2022-12-19,684.1726,85.12488,2555.1523,2022-12-25,187,6,TRUE,497.1726,3.6586770053475934,27.332284280311722,Reported within excess 95% interval
Mayotte,MYT,2023,2023-11-18,2023-11-18,668.2147,6.8288693,2829.188,2023-11-12,187,6,TRUE,481.2147,3.57334064171123,27.985017390368693,Reported within excess 95% interval
Mexico,MEX,2020,2020-12-27,2020-12-21,307430.9,307430.9,307430.9,2020-12-27,143890,6,TRUE,163540.90000000002,2.1365689068038085,46.80401351978607,Reported below excess 95% interval
Mexico,MEX,2021,2021-12-26,2021-12-20,646108.94,646108.94,646108.94,2021-12-26,303255,6,TRUE,342853.93999999994,2.130579677169379,46.93558333986216,Reported below excess 95% interval
Mexico,MEX,2022,2022-12-25,2022-12-19,688640.3,688640.3,688640.3,2022-12-25,331322,6,TRUE,357318.30000000005,2.078462341770242,48.112490657314126,Reported below excess 95% interval
Mexico,MEX,2023,2023-11-18,2023-11-18,652801.75,639093.44,677160.8,2023-11-12,334915,6,TRUE,317886.75,1.9491565023961304,51.304243593096984,Reported below excess 95% interval
Micronesia (country),FSM,2022,2022-12-25,2022-12-19,210.58981,55.891743,562.96625,2022-12-25,58,6,TRUE,152.58981,3.630858793103448,27.541693494096414,Reported within excess 95% interval
Micronesia (country),FSM,2023,2023-11-18,2023-11-18,242.43602,43.35643,753.1636,2023-11-12,65,6,TRUE,177.43602,3.7297849230769233,26.811197445000126,Reported within excess 95% interval
Moldova,MDA,2020,2020-12-27,2020-12-21,4918.019,4918.019,4918.019,2020-12-27,2960,6,TRUE,1958.0190000000002,1.6614929054054055,60.18683539042854,Reported below excess 95% interval
Moldova,MDA,2021,2021-12-26,2021-12-20,16329.373,16329.373,16329.373,2021-12-26,10184,6,TRUE,6145.373,1.6034341123330715,62.366142288500605,Reported below excess 95% interval
Moldova,MDA,2022,2022-12-25,2022-12-19,19384.709,19384.709,19384.709,2022-12-25,11929,6,TRUE,7455.708999999999,1.6250070416631737,61.5381948730827,Reported below excess 95% interval
Moldova,MDA,2023,2023-11-18,2023-11-18,19029.746,18243.424,21327.783,2023-11-12,12154,6,TRUE,6875.745999999999,1.5657187757116997,63.86842998324833,Reported below excess 95% interval
Monaco,MCO,2020,2020-12-27,2020-12-21,47.958923,47.958923,47.958923,2020-12-27,3,6,TRUE,44.958923,15.986307666666667,6.255353148776924,Reported below excess 95% interval
Monaco,MCO,2021,2021-12-26,2021-12-20,185.62656,185.62656,185.62656,2021-12-26,38,6,TRUE,147.62656,4.8849094736842105,20.471208430517702,Reported below excess 95% interval
Monaco,MCO,2022,2022-12-25,2022-12-19,261.2611,261.2611,261.2611,2022-12-25,65,6,TRUE,196.2611,4.019401538461539,24.8793257013769,Reported below excess 95% interval
Monaco,MCO,2023,2023-11-18,2023-11-18,294.96176,241.21298,347.0691,2023-11-12,67,6,TRUE,227.96176000000003,4.402414328358209,22.71480886200299,Reported below excess 95% interval
Mongolia,MNG,2020,2020-12-27,2020-12-21,-1211.0026,-1211.0026,-1211.0026,2020-12-27,1,6,TRUE,-1212.0026,NA,NA,Reported above excess 95% interval
Mongolia,MNG,2021,2021-12-26,2021-12-20,1061.1951,1061.1951,1061.1951,2021-12-26,1981,6,TRUE,-919.8049000000001,0.5356865724381625,186.67632370334167,Reported above excess 95% interval
Mongolia,MNG,2022,2022-12-25,2022-12-19,1362.2527,1362.2527,1362.2527,2022-12-25,2136,6,TRUE,-773.7473,0.6377587546816479,156.7991019581022,Reported above excess 95% interval
Mongolia,MNG,2023,2023-11-18,2023-11-18,1054.7936,506.78616,3327.9941,2023-11-12,2284,6,TRUE,-1229.2064,0.4618185639229422,216.53525391128653,Reported within excess 95% interval
Montenegro,MNE,2020,2020-12-27,2020-12-21,783.10187,783.10187,783.10187,2020-12-27,543,6,TRUE,240.10186999999996,1.442176556169429,69.33963776641218,Reported below excess 95% interval
Montenegro,MNE,2021,2021-12-26,2021-12-20,3377.261,3377.261,3377.261,2021-12-26,2276,6,TRUE,1101.261,1.4838580843585236,67.39188946308857,Reported below excess 95% interval
Montenegro,MNE,2022,2022-12-25,2022-12-19,3942.8687,3939.163,3953.766,2022-12-25,2616,6,TRUE,1326.8687,1.5072128058103975,66.34763161147112,Reported below excess 95% interval
Montenegro,MNE,2023,2023-11-18,2023-11-18,3730.364,3624.7654000000002,3995.6765,2023-11-12,2654,6,TRUE,1076.364,1.4055629238884702,71.14587209183875,Reported below excess 95% interval
Montserrat,MSR,2020,2020-12-27,2020-12-21,0.4746617,-1.81063,3.4413102,2020-12-27,1,6,TRUE,-0.5253383,0.4746617,210.67636171193084,Reported within excess 95% interval
Montserrat,MSR,2021,2021-12-26,2021-12-20,1.1818688,-3.2894258,7.1261716,2021-12-26,1,6,TRUE,0.18186879999999994,1.1818688,84.61176062859093,Reported within excess 95% interval
Montserrat,MSR,2022,2022-12-25,2022-12-19,9.562814,-1.8363588,16.662472,2022-12-25,8,6,TRUE,1.5628139999999995,1.19535175,83.65738369479946,Reported within excess 95% interval
Montserrat,MSR,2023,2023-11-18,2023-11-18,8.764239,-4.675353,17.369696,2023-11-12,8,6,TRUE,0.7642389999999999,1.095529875,91.28003013153794,Reported within excess 95% interval
Morocco,MAR,2020,2020-12-27,2020-12-21,27978.451,13657.491,48458.402,2020-12-27,7204,6,TRUE,20774.451,3.883738339811216,25.74838757156356,Reported below excess 95% interval
Morocco,MAR,2021,2021-12-26,2021-12-20,58984.156,28301.6,96987.1,2021-12-26,14827,6,TRUE,44157.156,3.9781584946381603,25.137258893727324,Reported below excess 95% interval
Morocco,MAR,2022,2022-12-25,2022-12-19,71520.54,29383.906,132151.38,2022-12-25,16294,6,TRUE,55226.53999999999,4.389378912483123,22.78226646499034,Reported below excess 95% interval
Morocco,MAR,2023,2023-11-18,2023-11-18,71743.46,28184.262,148998.03,2023-11-12,16297,6,TRUE,55446.46000000001,4.40224949377186,22.71565937856914,Reported below excess 95% interval
Mozambique,MOZ,2020,2020-12-27,2020-12-21,28198.047,-5777.2153,28198.047,2020-12-27,159,6,TRUE,28039.047,177.3462075471698,0.5638688381503868,Reported within excess 95% interval
Mozambique,MOZ,2021,2021-12-26,2021-12-20,86610.664,18329.355,87039.695,2021-12-26,1960,6,TRUE,84650.664,44.18911428571429,2.2630007778256958,Reported below excess 95% interval
Mozambique,MOZ,2022,2022-12-25,2022-12-19,112644.66,30158.783,122181.02,2022-12-25,2230,6,TRUE,110414.66,50.51330044843049,1.9796766220431576,Reported below excess 95% interval
Mozambique,MOZ,2023,2023-11-18,2023-11-18,129877.37,42753.023,143554.6,2023-11-12,2250,6,TRUE,127627.37,57.72327555555555,1.7324034202417251,Reported below excess 95% interval
Myanmar,MMR,2020,2020-12-27,2020-12-21,37697.22,-2710.0022,37697.22,2020-12-27,2601,6,TRUE,35096.22,14.493356401384084,6.899713029236638,Reported within excess 95% interval
Myanmar,MMR,2021,2021-12-26,2021-12-20,178272.83,51787.15,178272.83,2021-12-26,19254,6,TRUE,159018.83,9.259002285239431,10.800299742815548,Reported below excess 95% interval
Myanmar,MMR,2022,2022-12-25,2022-12-19,249042.69,72529.836,249042.69,2022-12-25,19490,6,TRUE,229552.69,12.77797280656747,7.825967507819644,Reported below excess 95% interval
Myanmar,MMR,2023,2023-11-18,2023-11-18,274737.4,84469.86,287502.94,2023-11-12,19494,6,TRUE,255243.40000000002,14.093433877090389,7.095502832886967,Reported below excess 95% interval
Namibia,NAM,2020,2020-12-27,2020-12-21,305.90414,-471.48462,2186.2505,2020-12-27,195,6,TRUE,110.90413999999998,1.5687391794871794,63.74545960705207,Reported within excess 95% interval
Namibia,NAM,2021,2021-12-26,2021-12-20,7148.111,5354.4165,13443.572,2021-12-26,3611,6,TRUE,3537.111,1.9795378011631126,50.51684284141643,Reported below excess 95% interval
Namibia,NAM,2022,2022-12-25,2022-12-19,8780.565,6617.281,16547.273,2022-12-25,4082,6,TRUE,4698.5650000000005,2.1510448309652133,46.48903572833866,Reported below excess 95% interval
Namibia,NAM,2023,2023-11-18,2023-11-18,9399.463,6720.6514,18068,2023-11-12,4100,6,TRUE,5299.463,2.292551951219512,43.6195131572942,Reported below excess 95% interval
Nauru,NRU,2022,2022-12-25,2022-12-19,2.3744974,-12.209052,37.346813,2022-12-25,1,6,TRUE,1.3744974,2.3744974,42.114175404024444,Reported within excess 95% interval
Nauru,NRU,2023,2023-11-18,2023-11-18,2.0023434,-17.970608,49.993088,2023-11-12,1,6,TRUE,1.0023434,2.0023434,49.9414835637084,Reported within excess 95% interval
Nepal,NPL,2020,2020-12-27,2020-12-21,27768.535,5142.056,37786.586,2020-12-27,2720,6,TRUE,25048.535,10.209020220588235,9.795259274571022,Reported below excess 95% interval
Nepal,NPL,2021,2021-12-26,2021-12-20,87573.47,39541.066,122779.08,2021-12-26,11585,6,TRUE,75988.47,7.559211911955114,13.228892266116667,Reported below excess 95% interval
Nepal,NPL,2022,2022-12-25,2022-12-19,115850.65,50521.523,156756.3,2022-12-25,12019,6,TRUE,103831.65,9.638959148015642,10.374564147892135,Reported below excess 95% interval
Nepal,NPL,2023,2023-11-18,2023-11-18,121472.54,47949.355,195254.92,2023-11-12,12031,6,TRUE,109441.54,10.096628709167982,9.90429606559639,Reported below excess 95% interval
Netherlands,NLD,2020,2020-12-27,2020-12-21,15423.268,15423.268,15423.268,2020-12-27,11539,6,TRUE,3884.268,1.3366208510269522,74.81553196119006,Reported below excess 95% interval
Netherlands,NLD,2021,2021-12-26,2021-12-20,32688.146,32688.146,32688.146,2021-12-26,20960,6,TRUE,11728.146,1.5595489503816795,64.12110371753724,Reported below excess 95% interval
Netherlands,NLD,2022,2022-12-25,2022-12-19,47596.168,47596.168,47596.168,2022-12-25,22976,6,TRUE,24620.167999999998,2.071560236768802,48.272793725747,Reported below excess 95% interval
Netherlands,NLD,2023,2023-11-18,2023-11-18,56855.02,56206.18,58092.062,2023-11-12,22986,6,TRUE,33869.02,2.4734629774645436,40.429147681242576,Reported below excess 95% interval
New Caledonia,NCL,2021,2021-12-26,2021-12-20,53.17708,-75.52913,505.50436,2021-12-26,280,6,TRUE,-226.82292,0.18991814285714284,526.5426382945435,Reported within excess 95% interval
New Caledonia,NCL,2022,2022-12-25,2022-12-19,124.01107,-140.71336,793.204,2022-12-25,314,6,TRUE,-189.98892999999998,0.3949397133757962,253.20320193995585,Reported within excess 95% interval
New Caledonia,NCL,2023,2023-11-18,2023-11-18,35.71464,-389.38632,866.5905,2023-11-12,314,6,TRUE,-278.28535999999997,0.11374089171974523,879.1912784225179,Reported within excess 95% interval
New Zealand,NZL,2020,2020-12-27,2020-12-21,-2096.623,-2096.623,-2096.623,2020-12-27,25,6,TRUE,-2121.623,NA,NA,Reported above excess 95% interval
New Zealand,NZL,2021,2021-12-26,2021-12-20,-2546.714,-2546.714,-2546.714,2021-12-26,50,6,TRUE,-2596.714,NA,NA,Reported above excess 95% interval
New Zealand,NZL,2022,2022-12-25,2022-12-19,-120.76358,-120.76358,-120.76358,2022-12-25,2288,6,TRUE,-2408.76358,NA,NA,Reported above excess 95% interval
New Zealand,NZL,2023,2023-11-18,2023-11-18,428.72922,273.80093,697.9352,2023-11-12,3464,6,TRUE,-3035.27078,0.12376709584295612,807.9691885708187,Reported above excess 95% interval
Nicaragua,NIC,2020,2020-12-27,2020-12-21,8279.207,8279.207,8279.207,2020-12-27,164,6,TRUE,8115.207,50.482969512195126,1.980866041880581,Reported below excess 95% interval
Nicaragua,NIC,2021,2021-12-26,2021-12-20,17113.443,17113.443,17113.443,2021-12-26,216,6,TRUE,16897.443,79.22890277777778,1.2621656553856522,Reported below excess 95% interval
Nicaragua,NIC,2022,2022-12-25,2022-12-19,20751.71,16460.172,23543.72,2022-12-25,245,6,TRUE,20506.71,84.70085714285715,1.1806255966375783,Reported below excess 95% interval
Nicaragua,NIC,2023,2023-11-18,2023-11-18,23595.463,14384.346,30639.143,2023-11-12,245,6,TRUE,23350.463,96.30801224489795,1.0383352087644986,Reported below excess 95% interval
Niger,NER,2020,2020-12-27,2020-12-21,20843.176,-8337.441,24768.127,2020-12-27,101,6,TRUE,20742.176,206.3680792079208,0.48457106536930844,Reported within excess 95% interval
Niger,NER,2021,2021-12-26,2021-12-20,40160.605,-4879.337,57958.965,2021-12-26,274,6,TRUE,39886.605,146.5715510948905,0.6822606382548271,Reported within excess 95% interval
Niger,NER,2022,2022-12-25,2022-12-19,55281.035,-3236.739,82674.92,2022-12-25,314,6,TRUE,54967.035,176.0542515923567,0.568006731422449,Reported within excess 95% interval
Niger,NER,2023,2023-11-18,2023-11-18,63338.94,-248.62651,101631.53,2023-11-12,315,6,TRUE,63023.94,201.076,0.49732439475621154,Reported within excess 95% interval
Nigeria,NGA,2020,2020-12-27,2020-12-21,156193.2,-109605.766,156193.2,2020-12-27,1247,6,TRUE,154946.2,125.25517241379312,0.7983702235436625,Reported within excess 95% interval
Nigeria,NGA,2021,2021-12-26,2021-12-20,394872.2,-53480.25,422572.84,2021-12-26,3014,6,TRUE,391858.2,131.01267418712675,0.7632849311752005,Reported within excess 95% interval
Nigeria,NGA,2022,2022-12-25,2022-12-19,552951.6,-25512.064,663049.2,2022-12-25,3155,6,TRUE,549796.6,175.26199683042788,0.5705743504494788,Reported within excess 95% interval
Nigeria,NGA,2023,2023-11-18,2023-11-18,647407.8,9180.964,797024.5,2023-11-12,3155,6,TRUE,644252.8,205.2005705229794,0.48732807976672504,Reported below excess 95% interval
North Macedonia,MKD,2020,2020-12-27,2020-12-21,5710.364,5710.364,5710.364,2020-12-27,2896,6,TRUE,2814.3639999999996,1.971810773480663,50.71480557106342,Reported below excess 95% interval
North Macedonia,MKD,2021,2021-12-26,2021-12-20,14714.826,14714.826,14714.826,2021-12-26,8352,6,TRUE,6362.825999999999,1.7618326149425285,56.759080943260905,Reported below excess 95% interval
North Macedonia,MKD,2022,2022-12-25,2022-12-19,17507.854,17507.854,17507.854,2022-12-25,9876,6,TRUE,7631.853999999999,1.7727677197245848,56.408969368832985,Reported below excess 95% interval
North Macedonia,MKD,2023,2023-11-18,2023-11-18,17391.137,17227.914,17790.11,2023-11-12,9960,6,TRUE,7431.136999999999,1.7460980923694778,57.27055108587783,Reported below excess 95% interval
Northern Mariana Islands,MNP,2020,2020-12-27,2020-12-21,3.4129133,-17.469141,53.276222,2020-12-27,2,6,TRUE,1.4129133,1.70645665,58.60096123742727,Reported within excess 95% interval
Northern Mariana Islands,MNP,2021,2021-12-26,2021-12-20,50.955666,-14.167513,140.64024,2021-12-26,11,6,TRUE,39.955666,4.632333272727273,21.587393244943556,Reported within excess 95% interval
Northern Mariana Islands,MNP,2022,2022-12-25,2022-12-19,194.33957,23.301735,324.40378,2022-12-25,41,6,TRUE,153.33957,4.739989512195122,21.097093093290265,Reported within excess 95% interval
Northern Mariana Islands,MNP,2023,2023-11-18,2023-11-18,272.53238,13.595541,423.1313,2023-11-12,41,6,TRUE,231.53238,6.647131219512195,15.044083936007898,Reported within excess 95% interval
Norway,NOR,2020,2020-12-27,2020-12-21,218.6427,218.6427,218.6427,2020-12-27,421,6,TRUE,-202.3573,0.5193413301662707,192.55159216383626,Reported above excess 95% interval
Norway,NOR,2021,2021-12-26,2021-12-20,1938.8386,1938.8386,1938.8386,2021-12-26,1335,6,TRUE,603.8386,1.4523135580524345,68.85565410137801,Reported below excess 95% interval
Norway,NOR,2022,2022-12-25,2022-12-19,7287.2363,7287.2363,7287.2363,2022-12-25,4745,6,TRUE,2542.2362999999996,1.5357716122233929,65.11384844210419,Reported below excess 95% interval
Norway,NOR,2023,2023-11-18,2023-11-18,9742.008,9547.927,10029.2,2023-11-12,5732,6,TRUE,4010.008,1.6995826936496858,58.83797262330312,Reported below excess 95% interval
Oman,OMN,2020,2020-12-27,2020-12-21,1324.2692,1324.2692,1324.2692,2020-12-27,1491,6,TRUE,-166.73080000000004,0.8881751844399731,112.59040080370366,Reported above excess 95% interval
Oman,OMN,2021,2021-12-26,2021-12-20,4442.059,4442.059,4442.059,2021-12-26,4480,6,TRUE,-37.940999999999804,0.9915310267857144,100.85413093342524,Reported above excess 95% interval
Oman,OMN,2022,2022-12-25,2022-12-19,4457.786,4457.786,4457.786,2022-12-25,4628,6,TRUE,-170.21399999999994,0.9632208297320657,103.81835287741492,Reported above excess 95% interval
Oman,OMN,2023,2023-11-18,2023-11-18,3704.7324,3412.4128,4269.4194,2023-11-12,4628,6,TRUE,-923.2676000000001,0.8005039757994814,124.92130335783497,Reported above excess 95% interval
Pakistan,PAK,2020,2020-12-27,2020-12-21,224855.62,81659.99,272067.8,2020-12-27,9816,6,TRUE,215039.62,22.907051752241237,4.365467938937884,Reported below excess 95% interval
Pakistan,PAK,2021,2021-12-26,2021-12-20,577404.1,289409,720255.75,2021-12-26,28905,6,TRUE,548499.1,19.9759245805224,5.0060261089244085,Reported below excess 95% interval
Pakistan,PAK,2022,2022-12-25,2022-12-19,732904.6,360834.7,1121711.2,2022-12-25,30635,6,TRUE,702269.6,23.923766933246288,4.1799437471125165,Reported below excess 95% interval
Pakistan,PAK,2023,2023-11-18,2023-11-18,826458.75,397619.88,1363924.6,2023-11-12,30656,6,TRUE,795802.75,26.959118932672233,3.7093200356339624,Reported below excess 95% interval
Palau,PLW,2022,2022-12-25,2022-12-19,5.840366,-24.29888,71.94014,2022-12-25,9,6,TRUE,-3.1596339999999996,0.6489295555555556,154.0999314084083,Reported within excess 95% interval
Palau,PLW,2023,2023-11-18,2023-11-18,4.62389,-36.86112,90.90875,2023-11-12,9,6,TRUE,-4.37611,0.5137655555555556,194.64130850863666,Reported within excess 95% interval
Palestine,PSE,2020,2020-12-27,2020-12-21,981.9534,981.9534,981.9534,2020-12-27,1406,6,TRUE,-424.0466,0.69840213371266,143.1839840872286,Reported above excess 95% interval
Palestine,PSE,2021,2021-12-26,2021-12-20,4689.5767,4689.5767,4689.5767,2021-12-26,4900,6,TRUE,-210.42330000000038,0.957056469387755,104.48704250854881,Reported above excess 95% interval
Palestine,PSE,2022,2022-12-25,2022-12-19,5630.2637,4788.128,11561.586,2022-12-25,5708,6,TRUE,-77.73629999999957,0.9863811667834619,101.38068666304208,Reported within excess 95% interval
Palestine,PSE,2023,2023-11-18,2023-11-18,5708.0503,3322.1494,13333.805,2023-11-12,5708,6,TRUE,0.05029999999987922,1.0000088121934128,99.99911878842413,Reported within excess 95% interval
Panama,PAN,2020,2020-12-27,2020-12-21,2668.688,2668.688,2668.688,2020-12-27,3756,6,TRUE,-1087.312,0.7105133120340789,140.74331656604292,Reported above excess 95% interval
Panama,PAN,2021,2021-12-26,2021-12-20,7239.9644,7082.627,7440.829,2021-12-26,7409,6,TRUE,-169.03560000000016,0.9771850992036711,102.3347573366521,Reported within excess 95% interval
Panama,PAN,2022,2022-12-25,2022-12-19,9564.209,8392.569,11749.043,2022-12-25,8567,6,TRUE,997.2090000000007,1.1164011906151512,89.57353399533615,Reported within excess 95% interval
Panama,PAN,2023,2023-11-18,2023-11-18,10042.727,5824.124,12949.196,2023-11-12,8651,6,TRUE,1391.7270000000008,1.160874696566871,86.14194132729088,Reported within excess 95% interval
Papua New Guinea,PNG,2020,2020-12-27,2020-12-21,943.7552,-3642.19,5160.7905,2020-12-27,9,6,TRUE,934.7552,104.86168888888888,0.9536371296285309,Reported within excess 95% interval
Papua New Guinea,PNG,2021,2021-12-26,2021-12-20,14118.781,-3094.699,17363.52,2021-12-26,590,6,TRUE,13528.781,23.930137288135594,4.178831019476823,Reported within excess 95% interval
Papua New Guinea,PNG,2022,2022-12-25,2022-12-19,23360.629,-3435.214,30783.355,2022-12-25,669,6,TRUE,22691.629,34.918727952167416,2.863792751470861,Reported within excess 95% interval
Papua New Guinea,PNG,2023,2023-11-18,2023-11-18,25508.357,-5173.487,41569.926,2023-11-12,670,6,TRUE,24838.357,38.072174626865674,2.626590179837925,Reported within excess 95% interval
Paraguay,PRY,2020,2020-12-27,2020-12-21,2046.6848,2046.6848,2046.6848,2020-12-27,2154,6,TRUE,-107.3152,0.9501786443825441,105.24336722488974,Reported above excess 95% interval
Paraguay,PRY,2021,2021-12-26,2021-12-20,21362.055,21362.055,21362.055,2021-12-26,16598,6,TRUE,4764.055,1.2870258464875286,77.69851730088702,Reported below excess 95% interval
Paraguay,PRY,2022,2022-12-25,2022-12-19,26264.346,26264.346,26264.346,2022-12-25,19666,6,TRUE,6598.346000000001,1.3355204922200754,74.87717379294348,Reported below excess 95% interval
Paraguay,PRY,2023,2023-11-18,2023-11-18,25228.89,24675.02,26705.562,2023-11-12,19931,6,TRUE,5297.889999999999,1.265811549846972,79.0007011802739,Reported below excess 95% interval
Peru,PER,2020,2020-12-27,2020-12-21,81756.76,81756.76,81756.76,2020-12-27,92523,6,TRUE,-10766.240000000005,0.8836371496817007,113.16862360983973,Reported above excess 95% interval
Peru,PER,2021,2021-12-26,2021-12-20,184905.98,184905.98,184905.98,2021-12-26,202454,6,TRUE,-17548.01999999999,0.9133234216167624,109.49023930972919,Reported above excess 95% interval
Peru,PER,2022,2022-12-25,2022-12-19,206113.9,203220.1,210948.48,2022-12-25,218007,6,TRUE,-11893.100000000006,0.9454462471388533,105.770159120758,Reported above excess 95% interval
Peru,PER,2023,2023-11-18,2023-11-18,212548.9,201054.3,233351.86,2023-11-12,221540,6,TRUE,-8991.100000000006,0.959415455448226,104.23013245422582,Reported within excess 95% interval
Philippines,PHL,2020,2020-12-27,2020-12-21,-7878.4204,-7878.4204,-7878.4204,2020-12-27,9067,6,TRUE,-16945.4204,NA,NA,Reported above excess 95% interval
Philippines,PHL,2021,2021-12-26,2021-12-20,236344.11,236344.11,236344.11,2021-12-26,51200,6,TRUE,185144.11,4.6160958984375,21.6633281024012,Reported below excess 95% interval
Philippines,PHL,2022,2022-12-25,2022-12-19,273143.94,273143.94,273143.94,2022-12-25,65262,6,TRUE,207881.94,4.185344304495725,23.892896909958903,Reported below excess 95% interval
Philippines,PHL,2023,2023-11-18,2023-11-18,290208.1,273430.97,407899.34,2023-11-12,66736,6,TRUE,223472.09999999998,4.348598957084632,22.995912243662396,Reported below excess 95% interval
Poland,POL,2020,2020-12-27,2020-12-21,63996.82,63996.82,63996.82,2020-12-27,27207,6,TRUE,36789.82,2.352218914250009,42.51304986716527,Reported below excess 95% interval
Poland,POL,2021,2021-12-26,2021-12-20,165283.62,165283.62,165283.62,2021-12-26,94330,6,TRUE,70953.62,1.7521850948796778,57.07159608435488,Reported below excess 95% interval
Poland,POL,2022,2022-12-25,2022-12-19,195169.84,195169.84,195169.84,2022-12-25,118475,6,TRUE,76694.84,1.647350411479215,60.70353903041577,Reported below excess 95% interval
Poland,POL,2023,2023-11-18,2023-11-18,174966.38,173757.6,179263.05,2023-11-12,119721,6,TRUE,55245.380000000005,1.4614510403354466,68.42514544794263,Reported below excess 95% interval
Portugal,PRT,2020,2020-12-27,2020-12-21,11674.888,11674.888,11674.888,2020-12-27,6695,6,TRUE,4979.888000000001,1.7438219566840927,57.34530386929622,Reported below excess 95% interval
Portugal,PRT,2021,2021-12-26,2021-12-20,24839.588,24839.588,24839.588,2021-12-26,18888,6,TRUE,5951.588,1.315098898771707,76.03990855242849,Reported below excess 95% interval
Portugal,PRT,2022,2022-12-25,2022-12-19,36714.72,36714.72,36714.72,2022-12-25,25773,6,TRUE,10941.720000000001,1.4245419625189153,70.198002327132,Reported below excess 95% interval
Portugal,PRT,2023,2023-11-18,2023-11-18,39500.984,38955.902,40622.42,2023-11-12,27738,6,TRUE,11762.983999999997,1.4240746989689235,70.221035506356,Reported below excess 95% interval
Puerto Rico,PRI,2020,2020-12-27,2020-12-21,2887.5193,579.33624,3788.8105,2020-12-27,1630,6,TRUE,1257.5193,1.7714842331288343,56.44983914046912,Reported within excess 95% interval
Puerto Rico,PRI,2021,2021-12-26,2021-12-20,7759.395,2203.7017,11072.277,2021-12-26,3301,6,TRUE,4458.395,2.3506195092396247,42.54197653296423,Reported within excess 95% interval
Puerto Rico,PRI,2022,2022-12-25,2022-12-19,13809.585,4401.7554,19906.434,2022-12-25,5541,6,TRUE,8268.585,2.4922550081212775,40.12430496644179,Reported within excess 95% interval
Puerto Rico,PRI,2023,2023-11-18,2023-11-18,17858.902,3692.39,24263.969,2023-11-12,5938,6,TRUE,11920.901999999998,3.007561805321657,33.24952452284021,Reported within excess 95% interval
Qatar,QAT,2020,2020-12-27,2020-12-21,364.4804,364.4804,364.4804,2020-12-27,244,6,TRUE,120.48039999999997,1.493772131147541,66.94461485446132,Reported below excess 95% interval
Qatar,QAT,2021,2021-12-26,2021-12-20,896.63745,896.63745,896.63745,2021-12-26,614,6,TRUE,282.63744999999994,1.4603215798045601,68.47806769614631,Reported below excess 95% interval
Qatar,QAT,2022,2022-12-25,2022-12-19,1368.8339,1368.8339,1368.8339,2022-12-25,685,6,TRUE,683.8339000000001,1.9982976642335768,50.04259464935811,Reported below excess 95% interval
Qatar,QAT,2023,2023-11-18,2023-11-18,1679.3756,1502.5095,1992.1133,2023-11-12,690,6,TRUE,989.3756000000001,2.4338776811594203,41.086699127937784,Reported below excess 95% interval
Reunion,REU,2020,2020-12-27,2020-12-21,-149.10031,-396.10876,935.3639,2020-12-27,42,6,TRUE,-191.10031,NA,NA,Reported within excess 95% interval
Reunion,REU,2021,2021-12-26,2021-12-20,1217.2568,313.45642,4759.863,2021-12-26,401,6,TRUE,816.2568000000001,3.035553117206983,32.94292543693327,Reported within excess 95% interval
Reunion,REU,2022,2022-12-25,2022-12-19,2908.3586,631.3884,9704.647,2022-12-25,906,6,TRUE,2002.3586,3.210108830022075,31.151591829150643,Reported within excess 95% interval
Reunion,REU,2023,2023-11-18,2023-11-18,2797.064,400.63135,10760.551,2023-11-12,921,6,TRUE,1876.0639999999999,3.036985884907709,32.927383856786975,Reported within excess 95% interval
Romania,ROU,2020,2020-12-27,2020-12-21,37230.824,37230.824,37230.824,2020-12-27,15108,6,TRUE,22122.824,2.464311887741594,40.57927914783728,Reported below excess 95% interval
Romania,ROU,2021,2021-12-26,2021-12-20,114465.46,114465.46,114465.46,2021-12-26,58536,6,TRUE,55929.46000000001,1.955471163044964,51.13857053472724,Reported below excess 95% interval
Romania,ROU,2022,2022-12-25,2022-12-19,127838.45,127838.45,127838.45,2022-12-25,67341,6,TRUE,60497.45,1.8983746900105434,52.676639931100546,Reported below excess 95% interval
Romania,ROU,2023,2023-11-18,2023-11-18,113191.68,111519.6,120516.26,2023-11-12,68558,6,TRUE,44633.67999999999,1.6510353277516847,60.568055885379565,Reported below excess 95% interval
Russia,RUS,2020,2020-12-27,2020-12-21,355793.3,355793.3,355793.3,2020-12-27,54778,6,TRUE,301015.3,6.495186023586111,15.396017856435183,Reported below excess 95% interval
Russia,RUS,2021,2021-12-26,2021-12-20,1063164.1,1063164.1,1063164.1,2021-12-26,304218,6,TRUE,758946.1000000001,3.4947442294670275,28.614397344680842,Reported below excess 95% interval
Russia,RUS,2022,2022-12-25,2022-12-19,1408832.8,1229512.5,1502261.4,2022-12-25,393383,6,TRUE,1015449.8,3.5813260867907357,27.922617928827325,Reported below excess 95% interval
Russia,RUS,2023,2023-11-18,2023-11-18,1498802.2,1198864.1,1749516.4,2023-11-12,400334,6,TRUE,1098468.2,3.743879360733787,26.7102623681764,Reported below excess 95% interval
Rwanda,RWA,2020,2020-12-27,2020-12-21,6957.239,-3903.8257,11632.866,2020-12-27,73,6,TRUE,6884.239,95.30464383561643,1.0492668140335557,Reported within excess 95% interval
Rwanda,RWA,2021,2021-12-26,2021-12-20,22750.703,2754.1897,37502.133,2021-12-26,1346,6,TRUE,21404.703,16.90245393759287,5.9163006962905715,Reported below excess 95% interval
Rwanda,RWA,2022,2022-12-25,2022-12-19,31612.082,6275.1226,51050.156,2022-12-25,1467,6,TRUE,30145.082,21.548794819359234,4.640630756303872,Reported below excess 95% interval
Rwanda,RWA,2023,2023-11-18,2023-11-18,36326.36,8926.675,63815.02,2023-11-12,1468,6,TRUE,34858.36,24.745476839237057,4.041142575253892,Reported below excess 95% interval
Saint Kitts and Nevis,KNA,2021,2021-12-26,2021-12-20,115.59338,115.59338,115.59338,2021-12-26,28,6,TRUE,87.59338,4.128335,24.22284044293886,Reported below excess 95% interval
Saint Kitts and Nevis,KNA,2022,2022-12-25,2022-12-19,208.67545,201.3345,217.72847,2022-12-25,46,6,TRUE,162.67545,4.536422826086957,22.04380055248473,Reported below excess 95% interval
Saint Kitts and Nevis,KNA,2023,2023-11-18,2023-11-18,222.6025,184.7291,256.90018,2023-11-12,46,6,TRUE,176.6025,4.8391847826086956,20.664637638840535,Reported below excess 95% interval
Saint Lucia,LCA,2020,2020-12-27,2020-12-21,14.919278,-65.93731,96.46398,2020-12-27,5,6,TRUE,9.919278,2.9838556,33.51368611805477,Reported within excess 95% interval
Saint Lucia,LCA,2021,2021-12-26,2021-12-20,342.2355,123.847694,617.9837,2021-12-26,295,6,TRUE,47.2355,1.1601203389830508,86.19795433261599,Reported within excess 95% interval
Saint Lucia,LCA,2022,2022-12-25,2022-12-19,526.7859,237.85698,918.6309,2022-12-25,409,6,TRUE,117.78589999999997,1.287985085574572,77.64065059448251,Reported within excess 95% interval
Saint Lucia,LCA,2023,2023-11-18,2023-11-18,590.5795,196.68138,1015.43524,2023-11-12,410,6,TRUE,180.57950000000005,1.4404378048780488,69.42333758621828,Reported within excess 95% interval
Saint Martin (French part),MAF,2020,2020-12-27,2020-12-21,18.678852,-6.080686,48.611736,2020-12-27,12,6,TRUE,6.678851999999999,1.556571,64.24377686594444,Reported within excess 95% interval
Saint Martin (French part),MAF,2021,2021-12-26,2021-12-20,76.45165,12.641107,139.29759,2021-12-26,39,6,TRUE,37.45165,1.960298717948718,51.01263347488249,Reported within excess 95% interval
Saint Martin (French part),MAF,2022,2022-12-25,2022-12-19,94.28809,2.2332861,189.48811,2022-12-25,46,6,TRUE,48.28809,2.0497410869565216,48.78664951214942,Reported within excess 95% interval
Saint Martin (French part),MAF,2023,2023-11-18,2023-11-18,98.30367,-14.593243,208.52304,2023-11-12,46,6,TRUE,52.30367,2.137036304347826,46.793776875268236,Reported within excess 95% interval
Saint Pierre and Miquelon,SPM,2022,2022-12-25,2022-12-19,-1.0267287,-7.78773,20.021698,2022-12-25,2,6,TRUE,-3.0267287,NA,NA,Reported within excess 95% interval
Saint Pierre and Miquelon,SPM,2023,2023-11-18,2023-11-18,-4.5220346,-13.529641,23.448166,2023-11-12,2,6,TRUE,-6.5220346,NA,NA,Reported within excess 95% interval
Saint Vincent and the Grenadines,VCT,2021,2021-12-26,2021-12-20,100.53128,100.53128,100.53128,2021-12-26,81,6,TRUE,19.531279999999995,1.241126913580247,80.57193741092325,Reported below excess 95% interval
Saint Vincent and the Grenadines,VCT,2022,2022-12-25,2022-12-19,192.29771,119.26128,258.37006,2022-12-25,118,6,TRUE,74.29771,1.6296416101694915,61.36318524021945,Reported below excess 95% interval
Saint Vincent and the Grenadines,VCT,2023,2023-11-18,2023-11-18,232.47112,69.39084,339.10022,2023-11-12,124,6,TRUE,108.47112000000001,1.8747670967741936,53.33995895920319,Reported within excess 95% interval
Samoa,WSM,2022,2022-12-25,2022-12-19,-47.462585,-188.08995,437.34872,2022-12-25,29,6,TRUE,-76.46258499999999,NA,NA,Reported within excess 95% interval
Samoa,WSM,2023,2023-11-18,2023-11-18,-62.006557,-297.28015,536.7323,2023-11-12,31,6,TRUE,-93.006557,NA,NA,Reported within excess 95% interval
San Marino,SMR,2020,2020-12-27,2020-12-21,79.59755,79.59755,79.59755,2020-12-27,57,6,TRUE,22.59755,1.396448245614035,71.61024428515702,Reported below excess 95% interval
San Marino,SMR,2021,2021-12-26,2021-12-20,131.25456,131.25456,131.25456,2021-12-26,98,6,TRUE,33.25456,1.3393322448979592,74.66407262345781,Reported below excess 95% interval
San Marino,SMR,2022,2022-12-25,2022-12-19,136.22232,136.22232,136.22232,2022-12-25,121,6,TRUE,15.222319999999996,1.125804297520661,88.82538485616747,Reported below excess 95% interval
San Marino,SMR,2023,2023-11-18,2023-11-18,130.96121,122.956856,142.3562,2023-11-12,126,6,TRUE,4.961209999999994,1.0393746825396826,96.21169505077114,Reported within excess 95% interval
Sao Tome and Principe,STP,2020,2020-12-27,2020-12-21,14.894519,-97.90427,184.82545,2020-12-27,17,6,TRUE,-2.1054809999999993,0.8761481764705883,114.13594490698222,Reported within excess 95% interval
Sao Tome and Principe,STP,2021,2021-12-26,2021-12-20,104.36374,-72.738365,466.02182,2021-12-26,57,6,TRUE,47.36374000000001,1.830942807017544,54.61667050260943,Reported within excess 95% interval
Sao Tome and Principe,STP,2022,2022-12-25,2022-12-19,141.47873,-65.87058,645.5573,2022-12-25,77,6,TRUE,64.47873000000001,1.8373861038961041,54.42514221042272,Reported within excess 95% interval
Sao Tome and Principe,STP,2023,2023-11-18,2023-11-18,141.5802,-75.17341,766.48615,2023-11-12,80,6,TRUE,61.58019999999999,1.7697524999999998,56.50507627478984,Reported within excess 95% interval
Saudi Arabia,SAU,2020,2020-12-27,2020-12-21,13217.676,9527.594,37191.53,2020-12-27,6176,6,TRUE,7041.6759999999995,2.1401677461139896,46.725309350902535,Reported below excess 95% interval
Saudi Arabia,SAU,2021,2021-12-26,2021-12-20,21835.912,14399.8125,71527.01,2021-12-26,8870,6,TRUE,12965.912,2.461771364148816,40.6211565608068,Reported below excess 95% interval
Saudi Arabia,SAU,2022,2022-12-25,2022-12-19,24709.777,16072.996,87992.164,2022-12-25,9508,6,TRUE,15201.776999999998,2.598840660496424,38.47869610478476,Reported below excess 95% interval
Saudi Arabia,SAU,2023,2023-11-18,2023-11-18,24987.938,14268.275,98782.375,2023-11-12,9646,6,TRUE,15341.937999999998,2.590497408252125,38.60262499450735,Reported below excess 95% interval
Senegal,SEN,2020,2020-12-27,2020-12-21,3313.5107,-7012.3525,10580.873,2020-12-27,387,6,TRUE,2926.5107,8.56204315245478,11.679455267791953,Reported within excess 95% interval
Senegal,SEN,2021,2021-12-26,2021-12-20,19853.299,-140.72818,34298.3,2021-12-26,1890,6,TRUE,17963.299,10.504391005291005,9.519828417433294,Reported within excess 95% interval
Senegal,SEN,2022,2022-12-25,2022-12-19,31828.895,2469.5493,47264.668,2022-12-25,1968,6,TRUE,29860.895,16.17321900406504,6.183061020497256,Reported below excess 95% interval
Senegal,SEN,2023,2023-11-18,2023-11-18,36453.227,2857.2454,58526.38,2023-11-12,1971,6,TRUE,34482.227,18.49478792491121,5.406928719918267,Reported below excess 95% interval
Serbia,SRB,2020,2020-12-27,2020-12-21,14057.403,14057.403,14057.403,2020-12-27,2983,6,TRUE,11074.403,4.712505196111297,21.220135753382042,Reported below excess 95% interval
Serbia,SRB,2021,2021-12-26,2021-12-20,51210.016,51210.016,51210.016,2021-12-26,12568,6,TRUE,38642.016,4.0746352641629535,24.542073956782204,Reported below excess 95% interval
Serbia,SRB,2022,2022-12-25,2022-12-19,63237.016,63237.016,63237.016,2022-12-25,17495,6,TRUE,45742.016,3.6145765075735925,27.665758295742478,Reported below excess 95% interval
Serbia,SRB,2023,2023-11-18,2023-11-18,60347.273,59917.645,61924.77,2023-11-12,18057,6,TRUE,42290.273,3.3420431411640914,29.921816019756186,Reported below excess 95% interval
Seychelles,SYC,2021,2021-12-26,2021-12-20,-96.86219,-96.86219,-96.86219,2021-12-26,126,6,TRUE,-222.86219,NA,NA,Reported above excess 95% interval
Seychelles,SYC,2022,2022-12-25,2022-12-19,-27.296953,-27.296953,-27.296953,2022-12-25,172,6,TRUE,-199.296953,NA,NA,Reported above excess 95% interval
Seychelles,SYC,2023,2023-11-18,2023-11-18,-41.81255,-122.50532,5.06274,2023-11-12,172,6,TRUE,-213.81255,NA,NA,Reported above excess 95% interval
Sierra Leone,SLE,2020,2020-12-27,2020-12-21,-387.212,-5962.7964,6832.57,2020-12-27,76,6,TRUE,-463.212,NA,NA,Reported within excess 95% interval
Sierra Leone,SLE,2021,2021-12-26,2021-12-20,4223.781,-4397.026,17089.596,2021-12-26,123,6,TRUE,4100.781,34.33968292682927,2.9120827997474303,Reported within excess 95% interval
Sierra Leone,SLE,2022,2022-12-25,2022-12-19,7548.1597,-4278.0938,25773.69,2022-12-25,125,6,TRUE,7423.1597,60.3852776,1.6560327943246882,Reported within excess 95% interval
Sierra Leone,SLE,2023,2023-11-18,2023-11-18,8603.074,-4021.366,32317.104,2023-11-12,125,6,TRUE,8478.074,68.82459200000001,1.452969020143265,Reported within excess 95% interval
Singapore,SGP,2020,2020-12-27,2020-12-21,-337.18604,-337.18604,-337.18604,2020-12-27,29,6,TRUE,-366.18604,NA,NA,Reported above excess 95% interval
Singapore,SGP,2021,2021-12-26,2021-12-20,1202.0812,1202.0812,1202.0812,2021-12-26,822,6,TRUE,380.0812000000001,1.462385888077859,68.38140385191949,Reported below excess 95% interval
Singapore,SGP,2022,2022-12-25,2022-12-19,4798.856,4798.856,4798.856,2022-12-25,1711,6,TRUE,3087.8559999999998,2.804708357685564,35.65433094887615,Reported below excess 95% interval
Singapore,SGP,2023,2023-11-18,2023-11-18,7650.0083,6606.8535,9173.476,2023-11-12,1933,6,TRUE,5717.0083,3.9575831867563376,25.26794644131301,Reported below excess 95% interval
Sint Maarten (Dutch part),SXM,2020,2020-12-27,2020-12-21,37.19467,8.432286,72.922745,2020-12-27,26,6,TRUE,11.194670000000002,1.4305642307692308,69.90248871679732,Reported within excess 95% interval
Sint Maarten (Dutch part),SXM,2021,2021-12-26,2021-12-20,131.04791,47.384262,205.97746,2021-12-26,75,6,TRUE,56.04791,1.7473054666666668,57.23097758674671,Reported within excess 95% interval
Sint Maarten (Dutch part),SXM,2022,2022-12-25,2022-12-19,168.60939,47.94463,279.6473,2022-12-25,89,6,TRUE,79.60938999999999,1.8944875280898876,52.784723318197166,Reported within excess 95% interval
Sint Maarten (Dutch part),SXM,2023,2023-11-18,2023-11-18,179.06117,21.593899,320.07816,2023-11-12,92,6,TRUE,87.06117,1.9463170652173913,51.379090173486524,Reported within excess 95% interval
Slovakia,SVK,2020,2020-12-27,2020-12-21,5269.401,5269.401,5269.401,2020-12-27,1773,6,TRUE,3496.401,2.97202538071066,33.6470881604949,Reported below excess 95% interval
Slovakia,SVK,2021,2021-12-26,2021-12-20,25714.68,25714.68,25714.68,2021-12-26,16398,6,TRUE,9316.68,1.5681595316502013,63.76902220832614,Reported below excess 95% interval
Slovakia,SVK,2022,2022-12-25,2022-12-19,31991.4,31991.4,31991.4,2022-12-25,20803,6,TRUE,11188.400000000001,1.5378262750564824,65.02685096619716,Reported below excess 95% interval
Slovakia,SVK,2023,2023-11-18,2023-11-18,31328.236,30992.74,32066.871,2023-11-12,21174,6,TRUE,10154.236,1.479561537734958,67.5875909514982,Reported below excess 95% interval
Slovenia,SVN,2020,2020-12-27,2020-12-21,3172.8853,3172.8853,3172.8853,2020-12-27,2881,6,TRUE,291.8852999999999,1.1013138840680319,90.80063499301409,Reported below excess 95% interval
Slovenia,SVN,2021,2021-12-26,2021-12-20,5540.628,5540.628,5540.628,2021-12-26,6089,6,TRUE,-548.3720000000003,0.9099405485301363,109.89728962132091,Reported above excess 95% interval
Slovenia,SVN,2022,2022-12-25,2022-12-19,6848.8257,6848.8257,6848.8257,2022-12-25,8801,6,TRUE,-1952.1742999999997,0.7781872173616635,128.50378131246646,Reported above excess 95% interval
Slovenia,SVN,2023,2023-11-18,2023-11-18,6464.953,6394.8945,6748.2407,2023-11-12,9536,6,TRUE,-3071.0469999999996,0.6779522860738255,147.5030058223161,Reported above excess 95% interval
Solomon Islands,SLB,2022,2022-12-25,2022-12-19,363.6504,-320.05417,1997.0078,2022-12-25,153,6,TRUE,210.6504,2.3768,42.073375967687646,Reported within excess 95% interval
Solomon Islands,SLB,2023,2023-11-18,2023-11-18,363.7141,-378.05426,2417.2014,2023-11-12,199,6,TRUE,164.71409999999997,1.8277090452261304,54.713303663509336,Reported within excess 95% interval
Somalia,SOM,2020,2020-12-27,2020-12-21,5132.9014,-5142.742,16729.957,2020-12-27,127,6,TRUE,5005.9014,40.41654645669291,2.4742341631577025,Reported within excess 95% interval
Somalia,SOM,2021,2021-12-26,2021-12-20,32246.51,-313.9987,50716.24,2021-12-26,1333,6,TRUE,30913.51,24.190930232558138,4.133780678901376,Reported within excess 95% interval
Somalia,SOM,2022,2022-12-25,2022-12-19,48022.87,2957.357,78257.5,2022-12-25,1361,6,TRUE,46661.87,35.28498897869214,2.834066352135972,Reported below excess 95% interval
Somalia,SOM,2023,2023-11-18,2023-11-18,55925.586,5090.4414,94838.11,2023-11-12,1361,6,TRUE,54564.586,41.091540044085235,2.4335909506607583,Reported below excess 95% interval
South Africa,ZAF,2020,2020-12-27,2020-12-21,45161.992,45161.992,45161.992,2020-12-27,26521,6,TRUE,18640.992,1.7028766637758757,58.72415902292352,Reported below excess 95% interval
South Africa,ZAF,2021,2021-12-26,2021-12-20,235117.9,235117.9,235117.9,2021-12-26,90773,6,TRUE,144344.9,2.590174391063422,38.60743907631023,Reported below excess 95% interval
South Africa,ZAF,2022,2022-12-25,2022-12-19,272933.5,272933.5,272933.5,2022-12-25,102568,6,TRUE,170365.5,2.6610005069807348,37.57985003673056,Reported below excess 95% interval
South Africa,ZAF,2023,2023-11-18,2023-11-18,296222.88,287833.78,301740.94,2023-11-12,102595,6,TRUE,193627.88,2.8873032798869342,34.6343942101974,Reported below excess 95% interval
South Korea,KOR,2020,2020-12-27,2020-12-21,-106.847755,-106.847755,-106.847755,2020-12-27,808,6,TRUE,-914.847755,NA,NA,Reported above excess 95% interval
South Korea,KOR,2021,2021-12-26,2021-12-20,6821.6934,6821.6934,6821.6934,2021-12-26,5300,6,TRUE,1521.6934,1.287111962264151,77.69331878797132,Reported below excess 95% interval
South Korea,KOR,2022,2022-12-25,2022-12-19,63320.938,63320.938,63320.938,2022-12-25,31882,6,TRUE,31438.938000000002,1.9861030675616336,50.349854261476665,Reported below excess 95% interval
South Korea,KOR,2023,2023-11-18,2023-11-18,81497.19,74868.53,89568.88,2023-11-12,35934,6,TRUE,45563.19,2.2679687760894973,44.09231778420826,Reported below excess 95% interval
South Sudan,SSD,2020,2020-12-27,2020-12-21,5740.9136,-2457.2292,10894.227,2020-12-27,63,6,TRUE,5677.9136,91.1256126984127,1.0973863114748845,Reported within excess 95% interval
South Sudan,SSD,2021,2021-12-26,2021-12-20,18071.035,1333.3812,28669.867,2021-12-26,135,6,TRUE,17936.035,133.8595185185185,0.747051842907725,Reported below excess 95% interval
South Sudan,SSD,2022,2022-12-25,2022-12-19,26007.62,2845.2817,38573.83,2022-12-25,138,6,TRUE,25869.62,188.4610144927536,0.5306137201327918,Reported below excess 95% interval
South Sudan,SSD,2023,2023-11-18,2023-11-18,30454.791,4157.346,45790.195,2023-11-12,147,6,TRUE,30307.791,207.17544897959183,0.48268267544505555,Reported below excess 95% interval
Spain,ESP,2020,2020-12-27,2020-12-21,76218.63,76218.63,76218.63,2020-12-27,53964,6,TRUE,22254.630000000005,1.4123977095841673,70.80158748589419,Reported below excess 95% interval
Spain,ESP,2021,2021-12-26,2021-12-20,108685.77,108685.77,108685.77,2021-12-26,91275,6,TRUE,17410.770000000004,1.190750698438784,83.98063518342833,Reported below excess 95% interval
Spain,ESP,2022,2022-12-25,2022-12-19,156740.9,156740.9,156740.9,2022-12-25,118943,6,TRUE,37797.899999999994,1.3177816264933624,75.88510720558578,Reported below excess 95% interval
Spain,ESP,2023,2023-11-18,2023-11-18,169427.45,167572.47,174145.97,2023-11-12,121852,6,TRUE,47575.45000000001,1.3904363490135576,71.91986894685601,Reported below excess 95% interval
Sri Lanka,LKA,2020,2020-12-27,2020-12-21,-1523.9238,-8409.613,8594.578,2020-12-27,191,6,TRUE,-1714.9238,NA,NA,Reported within excess 95% interval
Sri Lanka,LKA,2021,2021-12-26,2021-12-20,24315.982,10699.356,50260.125,2021-12-26,14884,6,TRUE,9431.982,1.6336994087610857,61.21077075974147,Reported within excess 95% interval
Sri Lanka,LKA,2022,2022-12-25,2022-12-19,31358.51,13689.079,70540.42,2022-12-25,16815,6,TRUE,14543.509999999998,1.864912875408861,53.62180792390965,Reported within excess 95% interval
Sri Lanka,LKA,2023,2023-11-18,2023-11-18,31180.12,13643.8,81555.35,2023-11-12,16885,6,TRUE,14295.119999999999,1.846616523541605,54.15309498488139,Reported within excess 95% interval
Sudan,SDN,2020,2020-12-27,2020-12-21,33513.7,11395.81,59336.234,2020-12-27,1520,6,TRUE,31993.699999999997,22.048486842105262,4.535458633335025,Reported below excess 95% interval
Sudan,SDN,2021,2021-12-26,2021-12-20,104781.53,36350.645,150593.81,2021-12-26,3298,6,TRUE,101483.53,31.77123408126137,3.1475012819530312,Reported below excess 95% interval
Sudan,SDN,2022,2022-12-25,2022-12-19,131603.48,55983.273,198025.19,2022-12-25,4994,6,TRUE,126609.48000000001,26.352318782539047,3.794732479718621,Reported below excess 95% interval
Sudan,SDN,2023,2023-11-18,2023-11-18,142732.11,66027.36,269702.6,2023-11-12,5046,6,TRUE,137686.11,28.28618906064209,3.5352941955387616,Reported below excess 95% interval
Suriname,SUR,2020,2020-12-27,2020-12-21,55.49749,55.49749,55.49749,2020-12-27,119,6,TRUE,-63.50251,0.46636546218487396,214.42411179316397,Reported above excess 95% interval
Suriname,SUR,2021,2021-12-26,2021-12-20,1532.9135,1532.9135,1532.9135,2021-12-26,1186,6,TRUE,346.9135000000001,1.2925071669477235,77.36901005829748,Reported below excess 95% interval
Suriname,SUR,2022,2022-12-25,2022-12-19,1921.6366,1848.7423,2439.4019,2022-12-25,1393,6,TRUE,528.6366,1.379495046661881,72.49029290969999,Reported below excess 95% interval
Suriname,SUR,2023,2023-11-18,2023-11-18,1910.2092,1688.4503,2754.6143,2023-11-12,1404,6,TRUE,506.2092,1.3605478632478634,73.49980305822001,Reported below excess 95% interval
Sweden,SWE,2020,2020-12-27,2020-12-21,8422.927,8422.927,8422.927,2020-12-27,9323,6,TRUE,-900.0730000000003,0.9034567199399335,110.68598837435016,Reported above excess 95% interval
Sweden,SWE,2021,2021-12-26,2021-12-20,11687.927,11687.927,11687.927,2021-12-26,15302,6,TRUE,-3614.0730000000003,0.7638169520324141,130.92142002598067,Reported above excess 95% interval
Sweden,SWE,2022,2022-12-25,2022-12-19,17667.227,17667.227,17667.227,2022-12-25,22003,6,TRUE,-4335.773000000001,0.8029462800527201,124.54133294376079,Reported above excess 95% interval
Sweden,SWE,2023,2023-11-18,2023-11-18,20211.719,19933.592,21502.84,2023-11-12,25286,6,TRUE,-5074.280999999999,0.7993244878588943,125.10563797171334,Reported above excess 95% interval
Switzerland,CHE,2020,2020-12-27,2020-12-21,9154.657,9154.657,9154.657,2020-12-27,7182,6,TRUE,1972.6569999999992,1.274666805903648,78.45187427557363,Reported below excess 95% interval
Switzerland,CHE,2021,2021-12-26,2021-12-20,13735.528,13735.528,13735.528,2021-12-26,11828,6,TRUE,1907.5280000000002,1.1612722353736895,86.11245232072622,Reported below excess 95% interval
Switzerland,CHE,2022,2022-12-25,2022-12-19,21159.797,21159.797,21159.797,2022-12-25,13865,6,TRUE,7294.796999999999,1.5261303281644427,65.52520328999375,Reported below excess 95% interval
Switzerland,CHE,2023,2023-11-18,2023-11-18,22707.557,22497.152,23655.227,2023-11-12,14096,6,TRUE,8611.557,1.6109220346197504,62.076250650829586,Reported below excess 95% interval
Syria,SYR,2020,2020-12-27,2020-12-21,5696.617,-1973.1095,11300.986,2020-12-27,669,6,TRUE,5027.617,8.515122571001495,11.743812160796486,Reported within excess 95% interval
Syria,SYR,2021,2021-12-26,2021-12-20,21865.74,2890.629,39032.37,2021-12-26,2871,6,TRUE,18994.74,7.616071055381401,13.13012960000439,Reported below excess 95% interval
Syria,SYR,2022,2022-12-25,2022-12-19,34791.016,945.73615,53322.82,2022-12-25,3163,6,TRUE,31628.016000000003,10.999372747391718,9.091427511056303,Reported within excess 95% interval
Syria,SYR,2023,2023-11-18,2023-11-18,35500.117,-3769.2356,62880.28,2023-11-12,3163,6,TRUE,32337.117,11.2235589630098,8.909829790138438,Reported within excess 95% interval
Tajikistan,TJK,2020,2020-12-27,2020-12-21,9419.532,9419.532,9419.532,2020-12-27,90,6,TRUE,9329.532,104.66146666666666,0.9554614815258339,Reported below excess 95% interval
Tajikistan,TJK,2021,2021-12-26,2021-12-20,14830.258,14830.258,14830.258,2021-12-26,125,6,TRUE,14705.258,118.642064,0.84287137823226,Reported below excess 95% interval
Tajikistan,TJK,2022,2022-12-25,2022-12-19,18080.23,14043.542,24923.244,2022-12-25,125,6,TRUE,17955.23,144.64184,0.6913628864234581,Reported below excess 95% interval
Tajikistan,TJK,2023,2023-11-18,2023-11-18,19810.904,13514.8,34347.668,2023-11-12,125,6,TRUE,19685.904,158.48723199999998,0.6309656540660639,Reported below excess 95% interval
Tanzania,TZA,2020,2020-12-27,2020-12-21,24400.393,-13043.074,53005.418,2020-12-27,21,6,TRUE,24379.393,1161.923476190476,0.08606418757271656,Reported within excess 95% interval
Tanzania,TZA,2021,2021-12-26,2021-12-20,99570.625,-1872.0656,151689.75,2021-12-26,737,6,TRUE,98833.625,135.10261194029852,0.7401781398881447,Reported within excess 95% interval
Tanzania,TZA,2022,2022-12-25,2022-12-19,145206.05,8714.914,249664.55,2022-12-25,845,6,TRUE,144361.05,171.84147928994082,0.5819316757118591,Reported below excess 95% interval
Tanzania,TZA,2023,2023-11-18,2023-11-18,166299.14,17759.658,279912.47,2023-11-12,846,6,TRUE,165453.14,196.57108747044919,0.5087218129931399,Reported below excess 95% interval
Thailand,THA,2020,2020-12-27,2020-12-21,-178.78047,-178.78047,-178.78047,2020-12-27,60,6,TRUE,-238.78047,NA,NA,Reported above excess 95% interval
Thailand,THA,2021,2021-12-26,2021-12-20,58467.414,58467.414,58467.414,2021-12-26,21580,6,TRUE,36887.414,2.709333364226135,36.90944839804271,Reported below excess 95% interval
Thailand,THA,2022,2022-12-25,2022-12-19,142265.34,142265.34,142265.34,2022-12-25,33594,6,TRUE,108671.34,4.234843722093231,23.613622263862723,Reported below excess 95% interval
Thailand,THA,2023,2023-11-18,2023-11-18,187239.22,184906.52,191460.84,2023-11-12,34489,6,TRUE,152750.22,5.428954739192206,18.41975201563006,Reported below excess 95% interval
Togo,TGO,2020,2020-12-27,2020-12-21,2519.8274,-4443.7705,7549.693,2020-12-27,68,6,TRUE,2451.8274,37.05628529411765,2.698597530926126,Reported within excess 95% interval
Togo,TGO,2021,2021-12-26,2021-12-20,10267.757,-1727.444,19934.316,2021-12-26,246,6,TRUE,10021.757,41.738849593495935,2.395849453780412,Reported within excess 95% interval
Togo,TGO,2022,2022-12-25,2022-12-19,17047.154,-833.2465,31241.357,2022-12-25,290,6,TRUE,16757.154,58.78328965517241,1.7011637250417284,Reported within excess 95% interval
Togo,TGO,2023,2023-11-18,2023-11-18,20470.287,-243.60272,36505.715,2023-11-12,290,6,TRUE,20180.287,70.58719655172413,1.4166875139562038,Reported within excess 95% interval
Tonga,TON,2022,2022-12-25,2022-12-19,-10.353477,-106.1574,218.54066,2022-12-25,12,6,TRUE,-22.353476999999998,NA,NA,Reported within excess 95% interval
Tonga,TON,2023,2023-11-18,2023-11-18,-21.422726,-171.44537,238.92128,2023-11-12,12,6,TRUE,-33.422726,NA,NA,Reported within excess 95% interval
Trinidad and Tobago,TTO,2020,2020-12-27,2020-12-21,135.33229,-288.7007,459.37704,2020-12-27,125,6,TRUE,10.33229,1.08265832,92.36524409658627,Reported within excess 95% interval
Trinidad and Tobago,TTO,2021,2021-12-26,2021-12-20,3522.1826,2037.7291,4878.712,2021-12-26,2718,6,TRUE,804.1826000000001,1.2958729212656366,77.16806050884472,Reported within excess 95% interval
Trinidad and Tobago,TTO,2022,2022-12-25,2022-12-19,5889.141,3680.341,7937.607,2022-12-25,4277,6,TRUE,1612.1409999999996,1.3769326630815992,72.62519270637263,Reported within excess 95% interval
Trinidad and Tobago,TTO,2023,2023-11-18,2023-11-18,6330.728,3357.2898,8337.135,2023-11-12,4390,6,TRUE,1940.728,1.442079271070615,69.34431553527493,Reported within excess 95% interval
Tunisia,TUN,2020,2020-12-27,2020-12-21,2515.4363,2515.4363,2515.4363,2020-12-27,4426,6,TRUE,-1910.5637000000002,0.5683317442385901,175.95357115582692,Reported above excess 95% interval
Tunisia,TUN,2021,2021-12-26,2021-12-20,25227.127,21267.428,38424.31,2021-12-26,25523,6,TRUE,-295.8729999999996,0.9884075931512754,101.17283668489083,Reported within excess 95% interval
Tunisia,TUN,2022,2022-12-25,2022-12-19,30885.838,23816.576,49307.5,2022-12-25,29279,6,TRUE,1606.8379999999997,1.054880221319034,94.79749262428949,Reported within excess 95% interval
Tunisia,TUN,2023,2023-11-18,2023-11-18,29821.621,21637.97,51527.46,2023-11-12,29423,6,TRUE,398.6209999999992,1.0135479386874213,98.66331545156449,Reported within excess 95% interval
Turkey,TUR,2020,2020-12-27,2020-12-21,64368.656,64368.656,64368.656,2020-12-27,19624,6,TRUE,44744.656,3.2800986547085205,30.486887903951263,Reported below excess 95% interval
Turkey,TUR,2021,2021-12-26,2021-12-20,188268.34,188268.34,188268.34,2021-12-26,81303,6,TRUE,106965.34,2.315638291329963,43.18463741699746,Reported below excess 95% interval
Turkey,TUR,2022,2022-12-25,2022-12-19,244787.31,244787.31,244787.31,2022-12-25,101419,6,TRUE,143368.31,2.4136237785819223,41.43147780005426,Reported below excess 95% interval
Turkey,TUR,2023,2023-11-18,2023-11-18,243649.02,211847.75,287113.28,2023-11-12,101419,6,TRUE,142230.02,2.4024001419852294,41.62503916494308,Reported below excess 95% interval
Turks and Caicos Islands,TCA,2020,2020-12-27,2020-12-21,16.091763,-1.6448281,46.103813,2020-12-27,6,6,TRUE,10.091763,2.6819605,37.28615689902965,Reported within excess 95% interval
Turks and Caicos Islands,TCA,2021,2021-12-26,2021-12-20,82.7865,17.077854,146.42363,2021-12-26,26,6,TRUE,56.786500000000004,3.184096153846154,31.406086741195725,Reported within excess 95% interval
Turks and Caicos Islands,TCA,2022,2022-12-25,2022-12-19,102.77594,5.648133,196.25563,2022-12-25,36,6,TRUE,66.77594,2.8548872222222226,35.027653359336824,Reported within excess 95% interval
Turks and Caicos Islands,TCA,2023,2023-11-18,2023-11-18,107.62601,-18.51554,226.47488,2023-11-12,40,6,TRUE,67.62601,2.69065025,37.16573716706584,Reported within excess 95% interval
Tuvalu,TUV,2023,2023-11-18,2023-11-18,18.04439,-11.452742,47.43011,2023-11-12,1,6,TRUE,17.04439,18.04439,5.541888642397997,Reported within excess 95% interval
Uganda,UGA,2020,2020-12-27,2020-12-21,32555.1,-14924.873,37531.71,2020-12-27,298,6,TRUE,32257.1,109.24530201342282,0.9153711707228668,Reported within excess 95% interval
Uganda,UGA,2021,2021-12-26,2021-12-20,99409.234,1508.5758,106930.55,2021-12-26,3280,6,TRUE,96129.234,30.307693292682927,3.2994922785543244,Reported within excess 95% interval
Uganda,UGA,2022,2022-12-25,2022-12-19,159943.75,20657.898,162800.44,2022-12-25,3630,6,TRUE,156313.75,44.0616391184573,2.2695478879293502,Reported below excess 95% interval
Uganda,UGA,2023,2023-11-18,2023-11-18,176493.03,28019.25,196062.22,2023-11-12,3632,6,TRUE,172861.03,48.59389592511013,2.0578716337976632,Reported below excess 95% interval
Ukraine,UKR,2020,2020-12-27,2020-12-21,39905.215,39905.215,39905.215,2020-12-27,15278,6,TRUE,24627.214999999997,2.6119397172404764,38.285722805903944,Reported below excess 95% interval
Ukraine,UKR,2021,2021-12-26,2021-12-20,188189.08,188189.08,188189.08,2021-12-26,92533,6,TRUE,95656.07999999999,2.033750986134676,49.17022815564007,Reported below excess 95% interval
Ukraine,UKR,2022,2022-12-25,2022-12-19,230935.77,213853.48,282242.1,2022-12-25,108249,6,TRUE,122686.76999999999,2.1333755508134025,46.87407238817963,Reported below excess 95% interval
Ukraine,UKR,2023,2023-11-18,2023-11-18,226694.19,202023.7,322479.1,2023-11-12,109918,6,TRUE,116776.19,2.0623936934805944,48.487347646624734,Reported below excess 95% interval
United Arab Emirates,ARE,2020,2020-12-27,2020-12-21,1669.0739,1669.0739,1669.0739,2020-12-27,655,6,TRUE,1014.0739000000001,2.548204427480916,39.24331930419618,Reported below excess 95% interval
United Arab Emirates,ARE,2021,2021-12-26,2021-12-20,5076.5864,5076.5864,5076.5864,2021-12-26,2156,6,TRUE,2920.5864,2.3546319109461966,42.46948303686903,Reported below excess 95% interval
United Arab Emirates,ARE,2022,2022-12-25,2022-12-19,7054.5996,6078.04,17643.45,2022-12-25,2348,6,TRUE,4706.5996,3.004514310051107,33.283249697119594,Reported below excess 95% interval
United Arab Emirates,ARE,2023,2023-11-18,2023-11-18,8224.418,5434.149,27473.451,2023-11-12,2349,6,TRUE,5875.418,3.5012422307364837,28.561291510232092,Reported below excess 95% interval
United Kingdom,GBR,2020,2020-12-27,2020-12-21,83134.18,83134.18,83134.18,2020-12-27,90475,6,TRUE,-7340.820000000007,0.9188635534678087,108.8300864939066,Reported above excess 95% interval
United Kingdom,GBR,2021,2021-12-26,2021-12-20,148141.08,148141.08,148141.08,2021-12-26,176159,6,TRUE,-28017.920000000013,0.8409509590767431,118.91299833915077,Reported above excess 95% interval
United Kingdom,GBR,2022,2022-12-25,2022-12-19,201683.08,201683.08,201683.08,2022-12-25,215345,6,TRUE,-13661.920000000013,0.9365579883442847,106.77395446360697,Reported above excess 95% interval
United Kingdom,GBR,2023,2023-11-18,2023-11-18,253449.72,250556.9,256337.53,2023-11-12,232112,6,TRUE,21337.72,1.091928551733646,91.58108361690043,Reported below excess 95% interval
United States,USA,2020,2020-12-27,2020-12-21,463340.8,463340.8,463340.8,2020-12-27,342920,6,TRUE,120420.79999999999,1.3511629534585325,74.01031810710388,Reported below excess 95% interval
United States,USA,2021,2021-12-26,2021-12-20,999969.3,999969.3,999969.3,2021-12-26,812587,6,TRUE,187382.30000000005,1.2305996773268586,81.26119471867786,Reported below excess 95% interval
United States,USA,2022,2022-12-25,2022-12-19,1311973.9,1311973.9,1311973.9,2022-12-25,1079976,6,TRUE,231997.8999999999,1.2148176440957947,82.31688145625459,Reported below excess 95% interval
United States,USA,2023,2023-11-18,2023-11-18,1369039,1319228.2,1426191.8,2023-11-12,1144877,6,TRUE,224162,1.1957957055648774,83.62632474312274,Reported below excess 95% interval
United States Virgin Islands,VIR,2020,2020-12-27,2020-12-21,50.318817,-10.928713,100.24499,2020-12-27,23,6,TRUE,27.318817000000003,2.187774652173913,45.70854676492096,Reported within excess 95% interval
United States Virgin Islands,VIR,2021,2021-12-26,2021-12-20,209.1865,44.29344,368.86017,2021-12-26,88,6,TRUE,121.1865,2.377119318181818,42.06772425562835,Reported within excess 95% interval
United States Virgin Islands,VIR,2022,2022-12-25,2022-12-19,334.70358,67.26113,576.72375,2022-12-25,127,6,TRUE,207.70358,2.6354612598425198,37.94402199104055,Reported within excess 95% interval
United States Virgin Islands,VIR,2023,2023-11-18,2023-11-18,404.99338,27.856266,667.66736,2023-11-12,132,6,TRUE,272.99338,3.0681316666666665,32.593125349357564,Reported within excess 95% interval
Uruguay,URY,2020,2020-12-27,2020-12-21,-2322.916,-2322.916,-2322.916,2020-12-27,143,6,TRUE,-2465.916,NA,NA,Reported above excess 95% interval
Uruguay,URY,2021,2021-12-26,2021-12-20,3686.85,3686.85,3686.85,2021-12-26,6162,6,TRUE,-2475.15,0.5983203505355404,167.13454575043738,Reported above excess 95% interval
Uruguay,URY,2022,2022-12-25,2022-12-19,7647.451,7647.451,7647.451,2022-12-25,7562,6,TRUE,85.45100000000002,1.0113000528960592,98.88262115049838,Reported below excess 95% interval
Uruguay,URY,2023,2023-11-18,2023-11-18,7841.5693,7235.5303,8621.689,2023-11-12,7656,6,TRUE,185.5693000000001,1.0242384143155696,97.63351833159211,Reported within excess 95% interval
Uzbekistan,UZB,2021,2021-12-26,2021-12-20,35459.78,35459.78,35459.78,2021-12-26,860,6,TRUE,34599.78,41.232302325581394,2.4252829543781718,Reported below excess 95% interval
Uzbekistan,UZB,2022,2022-12-25,2022-12-19,49700.152,49700.152,49700.152,2022-12-25,1016,6,TRUE,48684.152,48.917472440944884,2.0442593415006054,Reported below excess 95% interval
Uzbekistan,UZB,2023,2023-11-18,2023-11-18,63427.38,61469.355,67567,2023-11-12,1016,6,TRUE,62411.38,62.428523622047244,1.6018318902656865,Reported below excess 95% interval
Vanuatu,VUT,2022,2022-12-25,2022-12-19,-236.45003,-312.31653,741.0942,2022-12-25,14,6,TRUE,-250.45003,NA,NA,Reported within excess 95% interval
Vanuatu,VUT,2023,2023-11-18,2023-11-18,-309.97406,-389.7266,951.45654,2023-11-12,14,6,TRUE,-323.97406,NA,NA,Reported within excess 95% interval
Venezuela,VEN,2020,2020-12-27,2020-12-21,8668.358,-1698.4027,21882.771,2020-12-27,1010,6,TRUE,7658.358,8.582532673267327,11.651572304697153,Reported within excess 95% interval
Venezuela,VEN,2021,2021-12-26,2021-12-20,52855.2,15335.098,73345.06,2021-12-26,5312,6,TRUE,47543.2,9.950150602409638,10.050099138779157,Reported below excess 95% interval
Venezuela,VEN,2022,2022-12-25,2022-12-19,67302.82,19149.344,101392.29,2022-12-25,5830,6,TRUE,61472.82000000001,11.544222984562609,8.66234134022913,Reported below excess 95% interval
Venezuela,VEN,2023,2023-11-18,2023-11-18,68582.33,15729.869,112057.21,2023-11-12,5856,6,TRUE,62726.33,11.711463456284154,8.538642533725524,Reported below excess 95% interval
Vietnam,VNM,2020,2020-12-27,2020-12-21,-121.43131,-21580.018,19852.916,2020-12-27,35,6,TRUE,-156.43131,NA,NA,Reported within excess 95% interval
Vietnam,VNM,2021,2021-12-26,2021-12-20,101156.18,54221.7,193283.69,2021-12-26,31214,6,TRUE,69942.18,3.2407310822067017,30.85723482243003,Reported below excess 95% interval
Vietnam,VNM,2022,2022-12-25,2022-12-19,235008.4,149844.61,435002.16,2022-12-25,43184,6,TRUE,191824.4,5.442024824008892,18.375513385904505,Reported below excess 95% interval
Vietnam,VNM,2023,2023-11-18,2023-11-18,301155.4,171550.44,568186.94,2023-11-12,43206,6,TRUE,257949.40000000002,6.97022172846364,14.346745899293188,Reported below excess 95% interval
Wallis and Futuna,WLF,2021,2021-12-26,2021-12-20,6.981758,-2.1554253,26.62871,2021-12-26,7,6,TRUE,-0.01824199999999987,0.997394,100.26128089802025,Reported within excess 95% interval
Wallis and Futuna,WLF,2022,2022-12-25,2022-12-19,7.006211,-6.507804,40.3525,2022-12-25,7,6,TRUE,0.006211000000000411,1.0008872857142859,99.91135008637336,Reported within excess 95% interval
Wallis and Futuna,WLF,2023,2023-11-18,2023-11-18,5.8372083,-14.554935,53.03102,2023-11-12,8,6,TRUE,-2.1627916999999997,0.7296510375,137.051816362284,Reported within excess 95% interval
Yemen,YEM,2020,2020-12-27,2020-12-21,25786.084,3016.9795,30425.266,2020-12-27,607,6,TRUE,25179.084,42.48119275123558,2.3539828692096094,Reported below excess 95% interval
Yemen,YEM,2021,2021-12-26,2021-12-20,58800.62,12607.078,84027.8,2021-12-26,1983,6,TRUE,56817.62,29.652355017650027,3.372413420130604,Reported below excess 95% interval
Yemen,YEM,2022,2022-12-25,2022-12-19,78069.29,15864.211,124653.97,2022-12-25,2159,6,TRUE,75910.29,36.15993052339046,2.76549203918724,Reported below excess 95% interval
Yemen,YEM,2023,2023-11-18,2023-11-18,81368.555,17007.262,149865.5,2023-11-12,2159,6,TRUE,79209.555,37.6880754979157,2.6533591508415015,Reported below excess 95% interval
Zambia,ZMB,2020,2020-12-27,2020-12-21,8580.693,-5424.5527,15813.152,2020-12-27,382,6,TRUE,8198.693,22.462547120418847,4.451854879320353,Reported within excess 95% interval
Zambia,ZMB,2021,2021-12-26,2021-12-20,34691.953,12872.488,56416.973,2021-12-26,3697,6,TRUE,30994.953,9.383812009737625,10.656649972977883,Reported below excess 95% interval
Zambia,ZMB,2022,2022-12-25,2022-12-19,55481.625,20399.865,83043.48,2022-12-25,4022,6,TRUE,51459.625,13.794536300348085,7.2492469353592295,Reported below excess 95% interval
Zambia,ZMB,2023,2023-11-18,2023-11-18,63656.777,23137.252,93687.27,2023-11-12,4069,6,TRUE,59587.777,15.644329565003687,6.392092392613594,Reported below excess 95% interval
Zimbabwe,ZWE,2020,2020-12-27,2020-12-21,11626.485,-2288.826,13748.232,2020-12-27,341,6,TRUE,11285.485,34.09526392961877,2.9329586715159395,Reported within excess 95% interval
Zimbabwe,ZWE,2021,2021-12-26,2021-12-20,47142.54,18825.738,53307.47,2021-12-26,4885,6,TRUE,42257.54,9.650468781985671,10.362190921405592,Reported below excess 95% interval
Zimbabwe,ZWE,2022,2022-12-25,2022-12-19,66856.09,28915.416,72436.09,2022-12-25,5635,6,TRUE,61221.09,11.864434782608695,8.428551535095757,Reported below excess 95% interval
Zimbabwe,ZWE,2023,2023-11-18,2023-11-18,72866.36,29943.922,79861.52,2023-11-12,5726,6,TRUE,67140.36,12.725525672371639,7.85822154420778,Reported below excess 95% interval
